region_id,region_name,country,facility_row_id,jurisdiction_name,facility_name,activity_type,material_scope,operational_status,reporting_cycle,estimated_organic_waste_for_landfill_disposal_ton_per_year,organic_waste_recycling_capacity_available_ton_per_year,organic_waste_recycling_capacity_needed_ton_per_year,estimated_edible_food_for_landfill_disposal_ton_per_year,edible_food_recovery_capacity_available_ton_per_year,edible_food_recovery_capacity_needed_ton_per_year,source_organization,source_url,registered_export_file,registered_at_utc,permitted_capacity_ton_per_year,available_capacity_ton_per_year,used_capacity_ton_per_year,has_any_capacity_value
us_ca,California,United States,california_capacity::0001,Alameda,Alameda::2022-2024,county_capacity_planning_summary,organic_waste_recycling_and_edible_food_recovery,reported_county_cycle,2022-2024,122000.0,288000.0,0.0,3800.0,12729.0,0.0,California Department of Resources Recycling and Recovery,https://www2.calrecycle.ca.gov/LGCentral/datatools/reports/capacityplanning,calrecycle_capacity_planning_manual_export.xlsx,2026-04-03T23:35:43+00:00,288000.0,288000.0,122000.0,True
us_ca,California,United States,california_capacity::0002,Alameda,Alameda::2025-2034,county_capacity_planning_summary,organic_waste_recycling_and_edible_food_recovery,reported_county_cycle,2025-2034,221419.0,598125.0,0.0,4177.0,6181.0,0.0,California Department of Resources Recycling and Recovery,https://www2.calrecycle.ca.gov/LGCentral/datatools/reports/capacityplanning,calrecycle_capacity_planning_manual_export.xlsx,2026-04-03T23:35:43+00:00,598125.0,598125.0,221419.0,True
us_ca,California,United States,california_capacity::0003,Alpine,Alpine::2022-2024,county_capacity_planning_summary,organic_waste_recycling_and_edible_food_recovery,reported_county_cycle,2022-2024,0.0,0.0,0.0,1.5,0.0,1.5,California Department of Resources Recycling and Recovery,https://www2.calrecycle.ca.gov/LGCentral/datatools/reports/capacityplanning,calrecycle_capacity_planning_manual_export.xlsx,2026-04-03T23:35:43+00:00,0.0,0.0,0.0,True
us_ca,California,United States,california_capacity::0004,Alpine,Alpine::2025-2034,county_capacity_planning_summary,organic_waste_recycling_and_edible_food_recovery,reported_county_cycle,2025-2034,0.0,0.0,0.0,1.5,0.0,1.5,California Department of Resources Recycling and Recovery,https://www2.calrecycle.ca.gov/LGCentral/datatools/reports/capacityplanning,calrecycle_capacity_planning_manual_export.xlsx,2026-04-03T23:35:43+00:00,0.0,0.0,0.0,True
us_ca,California,United States,california_capacity::0005,Amador,Amador::2022-2024,county_capacity_planning_summary,organic_waste_recycling_and_edible_food_recovery,reported_county_cycle,2022-2024,0.0,0.0,0.0,151.4,808.6,0.0,California Department of Resources Recycling and Recovery,https://www2.calrecycle.ca.gov/LGCentral/datatools/reports/capacityplanning,calrecycle_capacity_planning_manual_export.xlsx,2026-04-03T23:35:43+00:00,0.0,0.0,0.0,True
us_ca,California,United States,california_capacity::0006,Amador,Amador::2025-2034,county_capacity_planning_summary,organic_waste_recycling_and_edible_food_recovery,reported_county_cycle,2025-2034,0.0,0.0,0.0,275.06,808.58,0.0,California Department of Resources Recycling and Recovery,https://www2.calrecycle.ca.gov/LGCentral/datatools/reports/capacityplanning,calrecycle_capacity_planning_manual_export.xlsx,2026-04-03T23:35:43+00:00,0.0,0.0,0.0,True
us_ca,California,United States,california_capacity::0007,Butte,Butte::2022-2024,county_capacity_planning_summary,organic_waste_recycling_and_edible_food_recovery,reported_county_cycle,2022-2024,40866.0,40866.0,0.0,65.0,40.0,25.0,California Department of Resources Recycling and Recovery,https://www2.calrecycle.ca.gov/LGCentral/datatools/reports/capacityplanning,calrecycle_capacity_planning_manual_export.xlsx,2026-04-03T23:35:43+00:00,40866.0,40866.0,40866.0,True
us_ca,California,United States,california_capacity::0008,Butte,Butte::2025-2034,county_capacity_planning_summary,organic_waste_recycling_and_edible_food_recovery,reported_county_cycle,2025-2034,40866.0,40866.0,0.0,65.0,65.0,0.0,California Department of Resources Recycling and Recovery,https://www2.calrecycle.ca.gov/LGCentral/datatools/reports/capacityplanning,calrecycle_capacity_planning_manual_export.xlsx,2026-04-03T23:35:43+00:00,40866.0,40866.0,40866.0,True
us_ca,California,United States,california_capacity::0009,Calaveras,Calaveras::2022-2024,county_capacity_planning_summary,organic_waste_recycling_and_edible_food_recovery,reported_county_cycle,2022-2024,0.0,0.0,0.0,0.0,900.0,0.0,California Department of Resources Recycling and Recovery,https://www2.calrecycle.ca.gov/LGCentral/datatools/reports/capacityplanning,calrecycle_capacity_planning_manual_export.xlsx,2026-04-03T23:35:43+00:00,0.0,0.0,0.0,True
us_ca,California,United States,california_capacity::0010,Calaveras,Calaveras::2025-2034,county_capacity_planning_summary,organic_waste_recycling_and_edible_food_recovery,reported_county_cycle,2025-2034,0.0,0.0,0.0,51.0,108.0,0.0,California Department of Resources Recycling and Recovery,https://www2.calrecycle.ca.gov/LGCentral/datatools/reports/capacityplanning,calrecycle_capacity_planning_manual_export.xlsx,2026-04-03T23:35:43+00:00,0.0,0.0,0.0,True
us_ca,California,United States,california_capacity::0011,Colusa,Colusa::2022-2024,county_capacity_planning_summary,organic_waste_recycling_and_edible_food_recovery,reported_county_cycle,2022-2024,0.0,0.0,0.0,117.0,126.0,0.0,California Department of Resources Recycling and Recovery,https://www2.calrecycle.ca.gov/LGCentral/datatools/reports/capacityplanning,calrecycle_capacity_planning_manual_export.xlsx,2026-04-03T23:35:43+00:00,0.0,0.0,0.0,True
us_ca,California,United States,california_capacity::0012,Colusa,Colusa::2025-2034,county_capacity_planning_summary,organic_waste_recycling_and_edible_food_recovery,reported_county_cycle,2025-2034,0.0,0.0,0.0,169.0,220.0,0.0,California Department of Resources Recycling and Recovery,https://www2.calrecycle.ca.gov/LGCentral/datatools/reports/capacityplanning,calrecycle_capacity_planning_manual_export.xlsx,2026-04-03T23:35:43+00:00,0.0,0.0,0.0,True
us_ca,California,United States,california_capacity::0013,Contra Costa,Contra Costa::2022-2024,county_capacity_planning_summary,organic_waste_recycling_and_edible_food_recovery,reported_county_cycle,2022-2024,284558.0,320542.0,0.0,2048.8,5917.2,0.0,California Department of Resources Recycling and Recovery,https://www2.calrecycle.ca.gov/LGCentral/datatools/reports/capacityplanning,calrecycle_capacity_planning_manual_export.xlsx,2026-04-03T23:35:43+00:00,320542.0,320542.0,284558.0,True
us_ca,California,United States,california_capacity::0014,Contra Costa,Contra Costa::2025-2034,county_capacity_planning_summary,organic_waste_recycling_and_edible_food_recovery,reported_county_cycle,2025-2034,286022.0,338187.0,0.0,2752.0,5944.0,0.0,California Department of Resources Recycling and Recovery,https://www2.calrecycle.ca.gov/LGCentral/datatools/reports/capacityplanning,calrecycle_capacity_planning_manual_export.xlsx,2026-04-03T23:35:43+00:00,338187.0,338187.0,286022.0,True
us_ca,California,United States,california_capacity::0015,Del Norte,Del Norte::2022-2024,county_capacity_planning_summary,organic_waste_recycling_and_edible_food_recovery,reported_county_cycle,2022-2024,0.0,0.0,0.0,22.5,413.0,0.0,California Department of Resources Recycling and Recovery,https://www2.calrecycle.ca.gov/LGCentral/datatools/reports/capacityplanning,calrecycle_capacity_planning_manual_export.xlsx,2026-04-03T23:35:43+00:00,0.0,0.0,0.0,True
us_ca,California,United States,california_capacity::0016,Del Norte,Del Norte::2025-2034,county_capacity_planning_summary,organic_waste_recycling_and_edible_food_recovery,reported_county_cycle,2025-2034,0.0,0.0,0.0,13.91,68.32,0.0,California Department of Resources Recycling and Recovery,https://www2.calrecycle.ca.gov/LGCentral/datatools/reports/capacityplanning,calrecycle_capacity_planning_manual_export.xlsx,2026-04-03T23:35:43+00:00,0.0,0.0,0.0,True
us_ca,California,United States,california_capacity::0017,El Dorado,El Dorado::2022-2024,county_capacity_planning_summary,organic_waste_recycling_and_edible_food_recovery,reported_county_cycle,2022-2024,1686.0,1800.0,0.0,144.0,146.5,0.0,California Department of Resources Recycling and Recovery,https://www2.calrecycle.ca.gov/LGCentral/datatools/reports/capacityplanning,calrecycle_capacity_planning_manual_export.xlsx,2026-04-03T23:35:43+00:00,1800.0,1800.0,1686.0,True
us_ca,California,United States,california_capacity::0018,El Dorado,El Dorado::2025-2034,county_capacity_planning_summary,organic_waste_recycling_and_edible_food_recovery,reported_county_cycle,2025-2034,43258.0,45000.0,0.0,325.0,325.0,0.0,California Department of Resources Recycling and Recovery,https://www2.calrecycle.ca.gov/LGCentral/datatools/reports/capacityplanning,calrecycle_capacity_planning_manual_export.xlsx,2026-04-03T23:35:43+00:00,45000.0,45000.0,43258.0,True
us_ca,California,United States,california_capacity::0019,Fresno,Fresno::2022-2024,county_capacity_planning_summary,organic_waste_recycling_and_edible_food_recovery,reported_county_cycle,2022-2024,496291.0,389564.0,106727.0,3210.0,500.0,2710.0,California Department of Resources Recycling and Recovery,https://www2.calrecycle.ca.gov/LGCentral/datatools/reports/capacityplanning,calrecycle_capacity_planning_manual_export.xlsx,2026-04-03T23:35:43+00:00,496291.0,389564.0,496291.0,True
us_ca,California,United States,california_capacity::0020,Fresno,Fresno::2025-2034,county_capacity_planning_summary,organic_waste_recycling_and_edible_food_recovery,reported_county_cycle,2025-2034,426289.0,421153.0,5136.0,3000.0,500.0,2500.0,California Department of Resources Recycling and Recovery,https://www2.calrecycle.ca.gov/LGCentral/datatools/reports/capacityplanning,calrecycle_capacity_planning_manual_export.xlsx,2026-04-03T23:35:43+00:00,426289.0,421153.0,426289.0,True
us_ca,California,United States,california_capacity::0021,Glenn,Glenn::2022-2024,county_capacity_planning_summary,organic_waste_recycling_and_edible_food_recovery,reported_county_cycle,2022-2024,0.0,0.0,0.0,14.8,84.9,70.1,California Department of Resources Recycling and Recovery,https://www2.calrecycle.ca.gov/LGCentral/datatools/reports/capacityplanning,calrecycle_capacity_planning_manual_export.xlsx,2026-04-03T23:35:43+00:00,0.0,0.0,0.0,True
us_ca,California,United States,california_capacity::0022,Glenn,Glenn::2025-2034,county_capacity_planning_summary,organic_waste_recycling_and_edible_food_recovery,reported_county_cycle,2025-2034,15.96,0.0,1.3,14.6,33.6,0.0,California Department of Resources Recycling and Recovery,https://www2.calrecycle.ca.gov/LGCentral/datatools/reports/capacityplanning,calrecycle_capacity_planning_manual_export.xlsx,2026-04-03T23:35:43+00:00,1.3,0.0,15.96,True
us_ca,California,United States,california_capacity::0023,Humboldt,Humboldt::2022-2024,county_capacity_planning_summary,organic_waste_recycling_and_edible_food_recovery,reported_county_cycle,2022-2024,55114.0,18000.0,37114.0,1363.0,1140.0,223.0,California Department of Resources Recycling and Recovery,https://www2.calrecycle.ca.gov/LGCentral/datatools/reports/capacityplanning,calrecycle_capacity_planning_manual_export.xlsx,2026-04-03T23:35:43+00:00,55114.0,18000.0,55114.0,True
us_ca,California,United States,california_capacity::0024,Humboldt,Humboldt::2025-2034,county_capacity_planning_summary,organic_waste_recycling_and_edible_food_recovery,reported_county_cycle,2025-2034,37747.0,18000.0,19747.0,456.0,481.0,0.0,California Department of Resources Recycling and Recovery,https://www2.calrecycle.ca.gov/LGCentral/datatools/reports/capacityplanning,calrecycle_capacity_planning_manual_export.xlsx,2026-04-03T23:35:43+00:00,37747.0,18000.0,37747.0,True
us_ca,California,United States,california_capacity::0025,Imperial,Imperial::2022-2024,county_capacity_planning_summary,organic_waste_recycling_and_edible_food_recovery,reported_county_cycle,2022-2024,88737.0,121003.0,0.0,355.57,1391.16,0.0,California Department of Resources Recycling and Recovery,https://www2.calrecycle.ca.gov/LGCentral/datatools/reports/capacityplanning,calrecycle_capacity_planning_manual_export.xlsx,2026-04-03T23:35:43+00:00,121003.0,121003.0,88737.0,True
us_ca,California,United States,california_capacity::0026,Imperial,Imperial::2025-2034,county_capacity_planning_summary,organic_waste_recycling_and_edible_food_recovery,reported_county_cycle,2025-2034,77550.0,112426.0,0.0,1242.0,1437.0,0.0,California Department of Resources Recycling and Recovery,https://www2.calrecycle.ca.gov/LGCentral/datatools/reports/capacityplanning,calrecycle_capacity_planning_manual_export.xlsx,2026-04-03T23:35:43+00:00,112426.0,112426.0,77550.0,True
us_ca,California,United States,california_capacity::0027,Inyo,Inyo::2022-2024,county_capacity_planning_summary,organic_waste_recycling_and_edible_food_recovery,reported_county_cycle,2022-2024,0.0,0.0,0.0,0.0,0.0,0.0,California Department of Resources Recycling and Recovery,https://www2.calrecycle.ca.gov/LGCentral/datatools/reports/capacityplanning,calrecycle_capacity_planning_manual_export.xlsx,2026-04-03T23:35:43+00:00,0.0,0.0,0.0,True
us_ca,California,United States,california_capacity::0028,Inyo,Inyo::2025-2034,county_capacity_planning_summary,organic_waste_recycling_and_edible_food_recovery,reported_county_cycle,2025-2034,0.0,0.0,0.0,0.0,133.0,0.0,California Department of Resources Recycling and Recovery,https://www2.calrecycle.ca.gov/LGCentral/datatools/reports/capacityplanning,calrecycle_capacity_planning_manual_export.xlsx,2026-04-03T23:35:43+00:00,0.0,0.0,0.0,True
us_ca,California,United States,california_capacity::0029,Kern,Kern::2022-2024,county_capacity_planning_summary,organic_waste_recycling_and_edible_food_recovery,reported_county_cycle,2022-2024,387538.0,812069.0,0.0,1338.0,2977.0,0.0,California Department of Resources Recycling and Recovery,https://www2.calrecycle.ca.gov/LGCentral/datatools/reports/capacityplanning,calrecycle_capacity_planning_manual_export.xlsx,2026-04-03T23:35:43+00:00,812069.0,812069.0,387538.0,True
us_ca,California,United States,california_capacity::0030,Kern,Kern::2025-2034,county_capacity_planning_summary,organic_waste_recycling_and_edible_food_recovery,reported_county_cycle,2025-2034,412162.0,793038.0,0.0,935.0,8820.42,0.0,California Department of Resources Recycling and Recovery,https://www2.calrecycle.ca.gov/LGCentral/datatools/reports/capacityplanning,calrecycle_capacity_planning_manual_export.xlsx,2026-04-03T23:35:43+00:00,793038.0,793038.0,412162.0,True
us_ca,California,United States,california_capacity::0031,Kings,Kings::2022-2024,county_capacity_planning_summary,organic_waste_recycling_and_edible_food_recovery,reported_county_cycle,2022-2024,0.0,0.0,0.0,0.0,0.0,0.0,California Department of Resources Recycling and Recovery,https://www2.calrecycle.ca.gov/LGCentral/datatools/reports/capacityplanning,calrecycle_capacity_planning_manual_export.xlsx,2026-04-03T23:35:43+00:00,0.0,0.0,0.0,True
us_ca,California,United States,california_capacity::0032,Kings,Kings::2025-2034,county_capacity_planning_summary,organic_waste_recycling_and_edible_food_recovery,reported_county_cycle,2025-2034,23695.0,200000.0,0.0,153.7,1195.0,0.0,California Department of Resources Recycling and Recovery,https://www2.calrecycle.ca.gov/LGCentral/datatools/reports/capacityplanning,calrecycle_capacity_planning_manual_export.xlsx,2026-04-03T23:35:43+00:00,200000.0,200000.0,23695.0,True
us_ca,California,United States,california_capacity::0033,Lake,Lake::2022-2024,county_capacity_planning_summary,organic_waste_recycling_and_edible_food_recovery,reported_county_cycle,2022-2024,0.0,0.0,0.0,204.0,204.0,2.0,California Department of Resources Recycling and Recovery,https://www2.calrecycle.ca.gov/LGCentral/datatools/reports/capacityplanning,calrecycle_capacity_planning_manual_export.xlsx,2026-04-03T23:35:43+00:00,0.0,0.0,0.0,True
us_ca,California,United States,california_capacity::0034,Lake,Lake::2025-2034,county_capacity_planning_summary,organic_waste_recycling_and_edible_food_recovery,reported_county_cycle,2025-2034,0.0,0.0,0.0,87000.0,87000.0,0.0,California Department of Resources Recycling and Recovery,https://www2.calrecycle.ca.gov/LGCentral/datatools/reports/capacityplanning,calrecycle_capacity_planning_manual_export.xlsx,2026-04-03T23:35:43+00:00,0.0,0.0,0.0,True
us_ca,California,United States,california_capacity::0035,Lassen,Lassen::2022-2024,county_capacity_planning_summary,organic_waste_recycling_and_edible_food_recovery,reported_county_cycle,2022-2024,0.0,0.0,0.0,0.0,0.0,0.0,California Department of Resources Recycling and Recovery,https://www2.calrecycle.ca.gov/LGCentral/datatools/reports/capacityplanning,calrecycle_capacity_planning_manual_export.xlsx,2026-04-03T23:35:43+00:00,0.0,0.0,0.0,True
us_ca,California,United States,california_capacity::0036,Lassen,Lassen::2025-2034,county_capacity_planning_summary,organic_waste_recycling_and_edible_food_recovery,reported_county_cycle,2025-2034,0.0,0.0,0.0,2.71,241.2,0.0,California Department of Resources Recycling and Recovery,https://www2.calrecycle.ca.gov/LGCentral/datatools/reports/capacityplanning,calrecycle_capacity_planning_manual_export.xlsx,2026-04-03T23:35:43+00:00,0.0,0.0,0.0,True
us_ca,California,United States,california_capacity::0037,Los Angeles,Los Angeles::2022-2024,county_capacity_planning_summary,organic_waste_recycling_and_edible_food_recovery,reported_county_cycle,2022-2024,4482935.0,4255467.0,898802.0,81883.0,140802.0,0.0,California Department of Resources Recycling and Recovery,https://www2.calrecycle.ca.gov/LGCentral/datatools/reports/capacityplanning,calrecycle_capacity_planning_manual_export.xlsx,2026-04-03T23:35:43+00:00,5154269.0,4255467.0,4482935.0,True
us_ca,California,United States,california_capacity::0038,Los Angeles,Los Angeles::2025-2034,county_capacity_planning_summary,organic_waste_recycling_and_edible_food_recovery,reported_county_cycle,2025-2034,3350669.0,4298924.0,171748.0,106452.0,130729.0,0.0,California Department of Resources Recycling and Recovery,https://www2.calrecycle.ca.gov/LGCentral/datatools/reports/capacityplanning,calrecycle_capacity_planning_manual_export.xlsx,2026-04-03T23:35:43+00:00,4470672.0,4298924.0,3350669.0,True
us_ca,California,United States,california_capacity::0039,Madera,Madera::2022-2024,county_capacity_planning_summary,organic_waste_recycling_and_edible_food_recovery,reported_county_cycle,2022-2024,101796.0,108553.0,32896.0,1704.28,270.1,1568.93,California Department of Resources Recycling and Recovery,https://www2.calrecycle.ca.gov/LGCentral/datatools/reports/capacityplanning,calrecycle_capacity_planning_manual_export.xlsx,2026-04-03T23:35:43+00:00,141449.0,108553.0,101796.0,True
us_ca,California,United States,california_capacity::0040,Madera,Madera::2025-2034,county_capacity_planning_summary,organic_waste_recycling_and_edible_food_recovery,reported_county_cycle,2025-2034,136129.0,155919.0,0.0,1078.9,1616.5,0.0,California Department of Resources Recycling and Recovery,https://www2.calrecycle.ca.gov/LGCentral/datatools/reports/capacityplanning,calrecycle_capacity_planning_manual_export.xlsx,2026-04-03T23:35:43+00:00,155919.0,155919.0,136129.0,True
us_ca,California,United States,california_capacity::0041,Marin,Marin::2022-2024,county_capacity_planning_summary,organic_waste_recycling_and_edible_food_recovery,reported_county_cycle,2022-2024,104618.0,104618.0,0.0,6564.0,0.0,6564.0,California Department of Resources Recycling and Recovery,https://www2.calrecycle.ca.gov/LGCentral/datatools/reports/capacityplanning,calrecycle_capacity_planning_manual_export.xlsx,2026-04-03T23:35:43+00:00,104618.0,104618.0,104618.0,True
us_ca,California,United States,california_capacity::0042,Marin,Marin::2025-2034,county_capacity_planning_summary,organic_waste_recycling_and_edible_food_recovery,reported_county_cycle,2025-2034,3601.0,186713.0,0.0,848.5,1231.14,0.0,California Department of Resources Recycling and Recovery,https://www2.calrecycle.ca.gov/LGCentral/datatools/reports/capacityplanning,calrecycle_capacity_planning_manual_export.xlsx,2026-04-03T23:35:43+00:00,186713.0,186713.0,3601.0,True
us_ca,California,United States,california_capacity::0043,Mariposa,Mariposa::2022-2024,county_capacity_planning_summary,organic_waste_recycling_and_edible_food_recovery,reported_county_cycle,2022-2024,0.0,0.0,0.0,14.0,0.0,14.0,California Department of Resources Recycling and Recovery,https://www2.calrecycle.ca.gov/LGCentral/datatools/reports/capacityplanning,calrecycle_capacity_planning_manual_export.xlsx,2026-04-03T23:35:43+00:00,0.0,0.0,0.0,True
us_ca,California,United States,california_capacity::0044,Mariposa,Mariposa::2025-2034,county_capacity_planning_summary,organic_waste_recycling_and_edible_food_recovery,reported_county_cycle,2025-2034,0.0,0.0,0.0,32.0,0.0,32.0,California Department of Resources Recycling and Recovery,https://www2.calrecycle.ca.gov/LGCentral/datatools/reports/capacityplanning,calrecycle_capacity_planning_manual_export.xlsx,2026-04-03T23:35:43+00:00,0.0,0.0,0.0,True
us_ca,California,United States,california_capacity::0045,Mendocino,Mendocino::2022-2024,county_capacity_planning_summary,organic_waste_recycling_and_edible_food_recovery,reported_county_cycle,2022-2024,10410.0,37494.0,0.0,6.76,15.76,0.0,California Department of Resources Recycling and Recovery,https://www2.calrecycle.ca.gov/LGCentral/datatools/reports/capacityplanning,calrecycle_capacity_planning_manual_export.xlsx,2026-04-03T23:35:43+00:00,37494.0,37494.0,10410.0,True
us_ca,California,United States,california_capacity::0046,Mendocino,Mendocino::2025-2034,county_capacity_planning_summary,organic_waste_recycling_and_edible_food_recovery,reported_county_cycle,2025-2034,15058.0,40615.0,0.0,232.0,1453.0,0.0,California Department of Resources Recycling and Recovery,https://www2.calrecycle.ca.gov/LGCentral/datatools/reports/capacityplanning,calrecycle_capacity_planning_manual_export.xlsx,2026-04-03T23:35:43+00:00,40615.0,40615.0,15058.0,True
us_ca,California,United States,california_capacity::0047,Merced,Merced::2022-2024,county_capacity_planning_summary,organic_waste_recycling_and_edible_food_recovery,reported_county_cycle,2022-2024,7385.4,0.0,7385.4,1332.0,2.0,1334.0,California Department of Resources Recycling and Recovery,https://www2.calrecycle.ca.gov/LGCentral/datatools/reports/capacityplanning,calrecycle_capacity_planning_manual_export.xlsx,2026-04-03T23:35:43+00:00,7385.4,0.0,7385.4,True
us_ca,California,United States,california_capacity::0048,Merced,Merced::2025-2034,county_capacity_planning_summary,organic_waste_recycling_and_edible_food_recovery,reported_county_cycle,2025-2034,60816.0,90000.0,0.0,1498.0,1630.0,0.0,California Department of Resources Recycling and Recovery,https://www2.calrecycle.ca.gov/LGCentral/datatools/reports/capacityplanning,calrecycle_capacity_planning_manual_export.xlsx,2026-04-03T23:35:43+00:00,90000.0,90000.0,60816.0,True
us_ca,California,United States,california_capacity::0049,Modoc,Modoc::2022-2024,county_capacity_planning_summary,organic_waste_recycling_and_edible_food_recovery,reported_county_cycle,2022-2024,0.0,0.0,0.0,0.0,0.0,0.0,California Department of Resources Recycling and Recovery,https://www2.calrecycle.ca.gov/LGCentral/datatools/reports/capacityplanning,calrecycle_capacity_planning_manual_export.xlsx,2026-04-03T23:35:43+00:00,0.0,0.0,0.0,True
us_ca,California,United States,california_capacity::0050,Modoc,Modoc::2025-2034,county_capacity_planning_summary,organic_waste_recycling_and_edible_food_recovery,reported_county_cycle,2025-2034,0.0,0.0,0.0,0.0,0.0,0.0,California Department of Resources Recycling and Recovery,https://www2.calrecycle.ca.gov/LGCentral/datatools/reports/capacityplanning,calrecycle_capacity_planning_manual_export.xlsx,2026-04-03T23:35:43+00:00,0.0,0.0,0.0,True
us_ca,California,United States,california_capacity::0051,Mono,Mono::2022-2024,county_capacity_planning_summary,organic_waste_recycling_and_edible_food_recovery,reported_county_cycle,2022-2024,0.0,0.0,0.0,567.0,267.0,300.0,California Department of Resources Recycling and Recovery,https://www2.calrecycle.ca.gov/LGCentral/datatools/reports/capacityplanning,calrecycle_capacity_planning_manual_export.xlsx,2026-04-03T23:35:43+00:00,0.0,0.0,0.0,True
us_ca,California,United States,california_capacity::0052,Mono,Mono::2025-2034,county_capacity_planning_summary,organic_waste_recycling_and_edible_food_recovery,reported_county_cycle,2025-2034,34000.0,30000.0,30000.0,232.2,0.0,0.0,California Department of Resources Recycling and Recovery,https://www2.calrecycle.ca.gov/LGCentral/datatools/reports/capacityplanning,calrecycle_capacity_planning_manual_export.xlsx,2026-04-03T23:35:43+00:00,60000.0,30000.0,34000.0,True
us_ca,California,United States,california_capacity::0053,Monterey,Monterey::2022-2024,county_capacity_planning_summary,organic_waste_recycling_and_edible_food_recovery,reported_county_cycle,2022-2024,190995.0,209000.0,35261.0,19632.0,5506.0,0.0,California Department of Resources Recycling and Recovery,https://www2.calrecycle.ca.gov/LGCentral/datatools/reports/capacityplanning,calrecycle_capacity_planning_manual_export.xlsx,2026-04-03T23:35:43+00:00,244261.0,209000.0,190995.0,True
us_ca,California,United States,california_capacity::0054,Monterey,Monterey::2025-2034,county_capacity_planning_summary,organic_waste_recycling_and_edible_food_recovery,reported_county_cycle,2025-2034,227605.0,268590.0,0.0,14437.0,19532.0,0.0,California Department of Resources Recycling and Recovery,https://www2.calrecycle.ca.gov/LGCentral/datatools/reports/capacityplanning,calrecycle_capacity_planning_manual_export.xlsx,2026-04-03T23:35:43+00:00,268590.0,268590.0,227605.0,True
us_ca,California,United States,california_capacity::0055,Napa,Napa::2022-2024,county_capacity_planning_summary,organic_waste_recycling_and_edible_food_recovery,reported_county_cycle,2022-2024,70718.0,70193.0,525.0,1192.02,154.35,1037.67,California Department of Resources Recycling and Recovery,https://www2.calrecycle.ca.gov/LGCentral/datatools/reports/capacityplanning,calrecycle_capacity_planning_manual_export.xlsx,2026-04-03T23:35:43+00:00,70718.0,70193.0,70718.0,True
us_ca,California,United States,california_capacity::0056,Napa,Napa::2025-2034,county_capacity_planning_summary,organic_waste_recycling_and_edible_food_recovery,reported_county_cycle,2025-2034,38814.0,38814.0,0.0,2579.0,726.0,1853.0,California Department of Resources Recycling and Recovery,https://www2.calrecycle.ca.gov/LGCentral/datatools/reports/capacityplanning,calrecycle_capacity_planning_manual_export.xlsx,2026-04-03T23:35:43+00:00,38814.0,38814.0,38814.0,True
us_ca,California,United States,california_capacity::0057,Nevada,Nevada::2022-2024,county_capacity_planning_summary,organic_waste_recycling_and_edible_food_recovery,reported_county_cycle,2022-2024,28261.0,0.0,28261.0,94.6,100.0,0.0,California Department of Resources Recycling and Recovery,https://www2.calrecycle.ca.gov/LGCentral/datatools/reports/capacityplanning,calrecycle_capacity_planning_manual_export.xlsx,2026-04-03T23:35:43+00:00,28261.0,0.0,28261.0,True
us_ca,California,United States,california_capacity::0058,Nevada,Nevada::2025-2034,county_capacity_planning_summary,organic_waste_recycling_and_edible_food_recovery,reported_county_cycle,2025-2034,27742.0,27742.0,0.0,192.0,379.0,0.0,California Department of Resources Recycling and Recovery,https://www2.calrecycle.ca.gov/LGCentral/datatools/reports/capacityplanning,calrecycle_capacity_planning_manual_export.xlsx,2026-04-03T23:35:43+00:00,27742.0,27742.0,27742.0,True
us_ca,California,United States,california_capacity::0059,Orange,Orange::2022-2024,county_capacity_planning_summary,organic_waste_recycling_and_edible_food_recovery,reported_county_cycle,2022-2024,1079783.0,6466375.0,0.0,26042.68,33868.07,0.0,California Department of Resources Recycling and Recovery,https://www2.calrecycle.ca.gov/LGCentral/datatools/reports/capacityplanning,calrecycle_capacity_planning_manual_export.xlsx,2026-04-03T23:35:43+00:00,6466375.0,6466375.0,1079783.0,True
us_ca,California,United States,california_capacity::0060,Orange,Orange::2025-2034,county_capacity_planning_summary,organic_waste_recycling_and_edible_food_recovery,reported_county_cycle,2025-2034,1098461.49,10100879.0,0.0,9642.73,40661.95,0.0,California Department of Resources Recycling and Recovery,https://www2.calrecycle.ca.gov/LGCentral/datatools/reports/capacityplanning,calrecycle_capacity_planning_manual_export.xlsx,2026-04-03T23:35:43+00:00,10100879.0,10100879.0,1098461.49,True
us_ca,California,United States,california_capacity::0061,Placer,Placer::2022-2024,county_capacity_planning_summary,organic_waste_recycling_and_edible_food_recovery,reported_county_cycle,2022-2024,134769.0,172563.0,0.0,825.0,1011.0,0.0,California Department of Resources Recycling and Recovery,https://www2.calrecycle.ca.gov/LGCentral/datatools/reports/capacityplanning,calrecycle_capacity_planning_manual_export.xlsx,2026-04-03T23:35:43+00:00,172563.0,172563.0,134769.0,True
us_ca,California,United States,california_capacity::0062,Placer,Placer::2025-2034,county_capacity_planning_summary,organic_waste_recycling_and_edible_food_recovery,reported_county_cycle,2025-2034,143318.0,172563.0,0.0,814.0,1578.0,0.0,California Department of Resources Recycling and Recovery,https://www2.calrecycle.ca.gov/LGCentral/datatools/reports/capacityplanning,calrecycle_capacity_planning_manual_export.xlsx,2026-04-03T23:35:43+00:00,172563.0,172563.0,143318.0,True
us_ca,California,United States,california_capacity::0063,Plumas,Plumas::2022-2024,county_capacity_planning_summary,organic_waste_recycling_and_edible_food_recovery,reported_county_cycle,2022-2024,0.0,0.0,0.0,36.7,43.9,0.0,California Department of Resources Recycling and Recovery,https://www2.calrecycle.ca.gov/LGCentral/datatools/reports/capacityplanning,calrecycle_capacity_planning_manual_export.xlsx,2026-04-03T23:35:43+00:00,0.0,0.0,0.0,True
us_ca,California,United States,california_capacity::0064,Plumas,Plumas::2025-2034,county_capacity_planning_summary,organic_waste_recycling_and_edible_food_recovery,reported_county_cycle,2025-2034,0.0,0.0,0.0,36.7,43.9,0.0,California Department of Resources Recycling and Recovery,https://www2.calrecycle.ca.gov/LGCentral/datatools/reports/capacityplanning,calrecycle_capacity_planning_manual_export.xlsx,2026-04-03T23:35:43+00:00,0.0,0.0,0.0,True
us_ca,California,United States,california_capacity::0065,Riverside,Riverside::2022-2024,county_capacity_planning_summary,organic_waste_recycling_and_edible_food_recovery,reported_county_cycle,2022-2024,1405153.0,1338840.0,66314.0,27608.0,28732.0,2153.0,California Department of Resources Recycling and Recovery,https://www2.calrecycle.ca.gov/LGCentral/datatools/reports/capacityplanning,calrecycle_capacity_planning_manual_export.xlsx,2026-04-03T23:35:43+00:00,1405154.0,1338840.0,1405153.0,True
us_ca,California,United States,california_capacity::0066,Riverside,Riverside::2025-2034,county_capacity_planning_summary,organic_waste_recycling_and_edible_food_recovery,reported_county_cycle,2025-2034,1395646.0,1729652.0,0.0,14571.0,16332.0,0.0,California Department of Resources Recycling and Recovery,https://www2.calrecycle.ca.gov/LGCentral/datatools/reports/capacityplanning,calrecycle_capacity_planning_manual_export.xlsx,2026-04-03T23:35:43+00:00,1729652.0,1729652.0,1395646.0,True
us_ca,California,United States,california_capacity::0067,Sacramento,Sacramento::2022-2024,county_capacity_planning_summary,organic_waste_recycling_and_edible_food_recovery,reported_county_cycle,2022-2024,799192.0,1253424.0,0.0,1000.0,687.5,312.5,California Department of Resources Recycling and Recovery,https://www2.calrecycle.ca.gov/LGCentral/datatools/reports/capacityplanning,calrecycle_capacity_planning_manual_export.xlsx,2026-04-03T23:35:43+00:00,1253424.0,1253424.0,799192.0,True
us_ca,California,United States,california_capacity::0068,Sacramento,Sacramento::2025-2034,county_capacity_planning_summary,organic_waste_recycling_and_edible_food_recovery,reported_county_cycle,2025-2034,747586.0,2434757.0,0.0,18337.0,7393.0,6945.0,California Department of Resources Recycling and Recovery,https://www2.calrecycle.ca.gov/LGCentral/datatools/reports/capacityplanning,calrecycle_capacity_planning_manual_export.xlsx,2026-04-03T23:35:43+00:00,2434757.0,2434757.0,747586.0,True
us_ca,California,United States,california_capacity::0069,San Benito,San Benito::2022-2024,county_capacity_planning_summary,organic_waste_recycling_and_edible_food_recovery,reported_county_cycle,2022-2024,22020.0,571500.0,0.0,312056.0,300000.0,12056.0,California Department of Resources Recycling and Recovery,https://www2.calrecycle.ca.gov/LGCentral/datatools/reports/capacityplanning,calrecycle_capacity_planning_manual_export.xlsx,2026-04-03T23:35:43+00:00,571500.0,571500.0,22020.0,True
us_ca,California,United States,california_capacity::0070,San Benito,San Benito::2025-2034,county_capacity_planning_summary,organic_waste_recycling_and_edible_food_recovery,reported_county_cycle,2025-2034,0.0,0.0,0.0,289.0,369.0,0.0,California Department of Resources Recycling and Recovery,https://www2.calrecycle.ca.gov/LGCentral/datatools/reports/capacityplanning,calrecycle_capacity_planning_manual_export.xlsx,2026-04-03T23:35:43+00:00,0.0,0.0,0.0,True
us_ca,California,United States,california_capacity::0071,San Bernardino,San Bernardino::2022-2024,county_capacity_planning_summary,organic_waste_recycling_and_edible_food_recovery,reported_county_cycle,2022-2024,1084063.0,908481.0,0.0,17382.0,30314.0,0.0,California Department of Resources Recycling and Recovery,https://www2.calrecycle.ca.gov/LGCentral/datatools/reports/capacityplanning,calrecycle_capacity_planning_manual_export.xlsx,2026-04-03T23:35:43+00:00,908481.0,908481.0,1084063.0,True
us_ca,California,United States,california_capacity::0072,San Bernardino,San Bernardino::2025-2034,county_capacity_planning_summary,organic_waste_recycling_and_edible_food_recovery,reported_county_cycle,2025-2034,1011270.54,1041934.54,0.0,10784.62,23912.94,0.0,California Department of Resources Recycling and Recovery,https://www2.calrecycle.ca.gov/LGCentral/datatools/reports/capacityplanning,calrecycle_capacity_planning_manual_export.xlsx,2026-04-03T23:35:43+00:00,1041934.54,1041934.54,1011270.54,True
us_ca,California,United States,california_capacity::0073,San Diego,San Diego::2022-2024,county_capacity_planning_summary,organic_waste_recycling_and_edible_food_recovery,reported_county_cycle,2022-2024,899502.0,1183188.0,0.0,14175.0,15045.0,0.0,California Department of Resources Recycling and Recovery,https://www2.calrecycle.ca.gov/LGCentral/datatools/reports/capacityplanning,calrecycle_capacity_planning_manual_export.xlsx,2026-04-03T23:35:43+00:00,1183188.0,1183188.0,899502.0,True
us_ca,California,United States,california_capacity::0074,San Diego,San Diego::2025-2034,county_capacity_planning_summary,organic_waste_recycling_and_edible_food_recovery,reported_county_cycle,2025-2034,1296924.0,1316196.0,0.0,13736.0,25582.0,0.0,California Department of Resources Recycling and Recovery,https://www2.calrecycle.ca.gov/LGCentral/datatools/reports/capacityplanning,calrecycle_capacity_planning_manual_export.xlsx,2026-04-03T23:35:43+00:00,1316196.0,1316196.0,1296924.0,True
us_ca,California,United States,california_capacity::0075,San Francisco,San Francisco::2022-2024,county_capacity_planning_summary,organic_waste_recycling_and_edible_food_recovery,reported_county_cycle,2022-2024,185650.0,328200.0,0.0,3839.0,155.0,3684.0,California Department of Resources Recycling and Recovery,https://www2.calrecycle.ca.gov/LGCentral/datatools/reports/capacityplanning,calrecycle_capacity_planning_manual_export.xlsx,2026-04-03T23:35:43+00:00,328200.0,328200.0,185650.0,True
us_ca,California,United States,california_capacity::0076,San Francisco,San Francisco::2025-2034,county_capacity_planning_summary,organic_waste_recycling_and_edible_food_recovery,reported_county_cycle,2025-2034,185682.0,400000.0,0.0,2221.0,454.0,1767.0,California Department of Resources Recycling and Recovery,https://www2.calrecycle.ca.gov/LGCentral/datatools/reports/capacityplanning,calrecycle_capacity_planning_manual_export.xlsx,2026-04-03T23:35:43+00:00,400000.0,400000.0,185682.0,True
us_ca,California,United States,california_capacity::0077,San Joaquin,San Joaquin::2022-2024,county_capacity_planning_summary,organic_waste_recycling_and_edible_food_recovery,reported_county_cycle,2022-2024,187779.52,322401.24,0.0,20462.65,24000.0,0.0,California Department of Resources Recycling and Recovery,https://www2.calrecycle.ca.gov/LGCentral/datatools/reports/capacityplanning,calrecycle_capacity_planning_manual_export.xlsx,2026-04-03T23:35:43+00:00,322401.24,322401.24,187779.52,True
us_ca,California,United States,california_capacity::0078,San Joaquin,San Joaquin::2025-2034,county_capacity_planning_summary,organic_waste_recycling_and_edible_food_recovery,reported_county_cycle,2025-2034,538803.0,4344749.0,0.0,3245.0,5289.0,0.0,California Department of Resources Recycling and Recovery,https://www2.calrecycle.ca.gov/LGCentral/datatools/reports/capacityplanning,calrecycle_capacity_planning_manual_export.xlsx,2026-04-03T23:35:43+00:00,4344749.0,4344749.0,538803.0,True
us_ca,California,United States,california_capacity::0079,San Luis Obispo,San Luis Obispo::2022-2024,county_capacity_planning_summary,organic_waste_recycling_and_edible_food_recovery,reported_county_cycle,2022-2024,157029.0,830082.0,0.0,1077.0,1430.0,0.0,California Department of Resources Recycling and Recovery,https://www2.calrecycle.ca.gov/LGCentral/datatools/reports/capacityplanning,calrecycle_capacity_planning_manual_export.xlsx,2026-04-03T23:35:43+00:00,830082.0,830082.0,157029.0,True
us_ca,California,United States,california_capacity::0080,San Luis Obispo,San Luis Obispo::2025-2034,county_capacity_planning_summary,organic_waste_recycling_and_edible_food_recovery,reported_county_cycle,2025-2034,62691.0,167500.0,0.0,795.26,774.05,22.21,California Department of Resources Recycling and Recovery,https://www2.calrecycle.ca.gov/LGCentral/datatools/reports/capacityplanning,calrecycle_capacity_planning_manual_export.xlsx,2026-04-03T23:35:43+00:00,167500.0,167500.0,62691.0,True
us_ca,California,United States,california_capacity::0081,San Mateo,San Mateo::2022-2024,county_capacity_planning_summary,organic_waste_recycling_and_edible_food_recovery,reported_county_cycle,2022-2024,87479.81,90008.14,25836.87,5815.81,5041.22,774.59,California Department of Resources Recycling and Recovery,https://www2.calrecycle.ca.gov/LGCentral/datatools/reports/capacityplanning,calrecycle_capacity_planning_manual_export.xlsx,2026-04-03T23:35:43+00:00,115845.01,90008.14,87479.81,True
us_ca,California,United States,california_capacity::0082,San Mateo,San Mateo::2025-2034,county_capacity_planning_summary,organic_waste_recycling_and_edible_food_recovery,reported_county_cycle,2025-2034,166967.18,302699.2,0.0,1708.71,3235.71,0.0,California Department of Resources Recycling and Recovery,https://www2.calrecycle.ca.gov/LGCentral/datatools/reports/capacityplanning,calrecycle_capacity_planning_manual_export.xlsx,2026-04-03T23:35:43+00:00,302699.2,302699.2,166967.18,True
us_ca,California,United States,california_capacity::0083,Santa Barbara,Santa Barbara::2022-2024,county_capacity_planning_summary,organic_waste_recycling_and_edible_food_recovery,reported_county_cycle,2022-2024,172869.52,566999.0,0.0,2247.24,6879.38,0.0,California Department of Resources Recycling and Recovery,https://www2.calrecycle.ca.gov/LGCentral/datatools/reports/capacityplanning,calrecycle_capacity_planning_manual_export.xlsx,2026-04-03T23:35:43+00:00,566999.0,566999.0,172869.52,True
us_ca,California,United States,california_capacity::0084,Santa Barbara,Santa Barbara::2025-2034,county_capacity_planning_summary,organic_waste_recycling_and_edible_food_recovery,reported_county_cycle,2025-2034,680962.0,1671218.0,0.0,16688.11,48100.42,0.0,California Department of Resources Recycling and Recovery,https://www2.calrecycle.ca.gov/LGCentral/datatools/reports/capacityplanning,calrecycle_capacity_planning_manual_export.xlsx,2026-04-03T23:35:43+00:00,1671218.0,1671218.0,680962.0,True
us_ca,California,United States,california_capacity::0085,Santa Clara,Santa Clara::2022-2024,county_capacity_planning_summary,organic_waste_recycling_and_edible_food_recovery,reported_county_cycle,2022-2024,228948.0,365998.0,0.0,3255.0,11292.0,0.0,California Department of Resources Recycling and Recovery,https://www2.calrecycle.ca.gov/LGCentral/datatools/reports/capacityplanning,calrecycle_capacity_planning_manual_export.xlsx,2026-04-03T23:35:43+00:00,365998.0,365998.0,228948.0,True
us_ca,California,United States,california_capacity::0086,Santa Clara,Santa Clara::2025-2034,county_capacity_planning_summary,organic_waste_recycling_and_edible_food_recovery,reported_county_cycle,2025-2034,178643.0,364233.0,0.0,5268209.0,15230610.0,0.0,California Department of Resources Recycling and Recovery,https://www2.calrecycle.ca.gov/LGCentral/datatools/reports/capacityplanning,calrecycle_capacity_planning_manual_export.xlsx,2026-04-03T23:35:43+00:00,364233.0,364233.0,178643.0,True
us_ca,California,United States,california_capacity::0087,Santa Cruz,Santa Cruz::2022-2024,county_capacity_planning_summary,organic_waste_recycling_and_edible_food_recovery,reported_county_cycle,2022-2024,121678.0,190660.0,0.0,498.0,2762.0,0.0,California Department of Resources Recycling and Recovery,https://www2.calrecycle.ca.gov/LGCentral/datatools/reports/capacityplanning,calrecycle_capacity_planning_manual_export.xlsx,2026-04-03T23:35:43+00:00,190660.0,190660.0,121678.0,True
us_ca,California,United States,california_capacity::0088,Santa Cruz,Santa Cruz::2025-2034,county_capacity_planning_summary,organic_waste_recycling_and_edible_food_recovery,reported_county_cycle,2025-2034,87944.0,191869.0,0.0,703.0,1659.0,0.0,California Department of Resources Recycling and Recovery,https://www2.calrecycle.ca.gov/LGCentral/datatools/reports/capacityplanning,calrecycle_capacity_planning_manual_export.xlsx,2026-04-03T23:35:43+00:00,191869.0,191869.0,87944.0,True
us_ca,California,United States,california_capacity::0089,Shasta,Shasta::2022-2024,county_capacity_planning_summary,organic_waste_recycling_and_edible_food_recovery,reported_county_cycle,2022-2024,57000.0,0.0,57000.0,295.4,401.63,0.0,California Department of Resources Recycling and Recovery,https://www2.calrecycle.ca.gov/LGCentral/datatools/reports/capacityplanning,calrecycle_capacity_planning_manual_export.xlsx,2026-04-03T23:35:43+00:00,57000.0,0.0,57000.0,True
us_ca,California,United States,california_capacity::0090,Shasta,Shasta::2025-2034,county_capacity_planning_summary,organic_waste_recycling_and_edible_food_recovery,reported_county_cycle,2025-2034,65.0,100.0,0.0,60.0,60.0,0.0,California Department of Resources Recycling and Recovery,https://www2.calrecycle.ca.gov/LGCentral/datatools/reports/capacityplanning,calrecycle_capacity_planning_manual_export.xlsx,2026-04-03T23:35:43+00:00,100.0,100.0,65.0,True
us_ca,California,United States,california_capacity::0091,Sierra,Sierra::2022-2024,county_capacity_planning_summary,organic_waste_recycling_and_edible_food_recovery,reported_county_cycle,2022-2024,0.0,0.0,0.0,5.0,2.0,3.0,California Department of Resources Recycling and Recovery,https://www2.calrecycle.ca.gov/LGCentral/datatools/reports/capacityplanning,calrecycle_capacity_planning_manual_export.xlsx,2026-04-03T23:35:43+00:00,0.0,0.0,0.0,True
us_ca,California,United States,california_capacity::0092,Sierra,Sierra::2025-2034,county_capacity_planning_summary,organic_waste_recycling_and_edible_food_recovery,reported_county_cycle,2025-2034,0.0,0.0,0.0,0.0,0.0,0.0,California Department of Resources Recycling and Recovery,https://www2.calrecycle.ca.gov/LGCentral/datatools/reports/capacityplanning,calrecycle_capacity_planning_manual_export.xlsx,2026-04-03T23:35:43+00:00,0.0,0.0,0.0,True
us_ca,California,United States,california_capacity::0093,Siskiyou,Siskiyou::2022-2024,county_capacity_planning_summary,organic_waste_recycling_and_edible_food_recovery,reported_county_cycle,2022-2024,0.0,0.0,0.0,214.31,121.45,92.86,California Department of Resources Recycling and Recovery,https://www2.calrecycle.ca.gov/LGCentral/datatools/reports/capacityplanning,calrecycle_capacity_planning_manual_export.xlsx,2026-04-03T23:35:43+00:00,0.0,0.0,0.0,True
us_ca,California,United States,california_capacity::0094,Siskiyou,Siskiyou::2025-2034,county_capacity_planning_summary,organic_waste_recycling_and_edible_food_recovery,reported_county_cycle,2025-2034,0.0,0.0,0.0,730.46,791.24,0.0,California Department of Resources Recycling and Recovery,https://www2.calrecycle.ca.gov/LGCentral/datatools/reports/capacityplanning,calrecycle_capacity_planning_manual_export.xlsx,2026-04-03T23:35:43+00:00,0.0,0.0,0.0,True
us_ca,California,United States,california_capacity::0095,Solano,Solano::2022-2024,county_capacity_planning_summary,organic_waste_recycling_and_edible_food_recovery,reported_county_cycle,2022-2024,269235.0,570600.0,0.0,3204.0,3750.0,0.0,California Department of Resources Recycling and Recovery,https://www2.calrecycle.ca.gov/LGCentral/datatools/reports/capacityplanning,calrecycle_capacity_planning_manual_export.xlsx,2026-04-03T23:35:43+00:00,570600.0,570600.0,269235.0,True
us_ca,California,United States,california_capacity::0096,Solano,Solano::2025-2034,county_capacity_planning_summary,organic_waste_recycling_and_edible_food_recovery,reported_county_cycle,2025-2034,995502.0,1567700.0,0.0,1703.0,1824.0,0.0,California Department of Resources Recycling and Recovery,https://www2.calrecycle.ca.gov/LGCentral/datatools/reports/capacityplanning,calrecycle_capacity_planning_manual_export.xlsx,2026-04-03T23:35:43+00:00,1567700.0,1567700.0,995502.0,True
us_ca,California,United States,california_capacity::0097,Sonoma,Sonoma::2022-2024,county_capacity_planning_summary,organic_waste_recycling_and_edible_food_recovery,reported_county_cycle,2022-2024,92170.0,13000.0,79170.0,8330.0,0.0,8330.0,California Department of Resources Recycling and Recovery,https://www2.calrecycle.ca.gov/LGCentral/datatools/reports/capacityplanning,calrecycle_capacity_planning_manual_export.xlsx,2026-04-03T23:35:43+00:00,92170.0,13000.0,92170.0,True
us_ca,California,United States,california_capacity::0098,Sonoma,Sonoma::2025-2034,county_capacity_planning_summary,organic_waste_recycling_and_edible_food_recovery,reported_county_cycle,2025-2034,10180.0,113250.0,0.0,1860.0,2035.0,0.0,California Department of Resources Recycling and Recovery,https://www2.calrecycle.ca.gov/LGCentral/datatools/reports/capacityplanning,calrecycle_capacity_planning_manual_export.xlsx,2026-04-03T23:35:43+00:00,113250.0,113250.0,10180.0,True
us_ca,California,United States,california_capacity::0099,Stanislaus,Stanislaus::2022-2024,county_capacity_planning_summary,organic_waste_recycling_and_edible_food_recovery,reported_county_cycle,2022-2024,137847.0,766000.0,0.0,7193.0,14331.0,0.0,California Department of Resources Recycling and Recovery,https://www2.calrecycle.ca.gov/LGCentral/datatools/reports/capacityplanning,calrecycle_capacity_planning_manual_export.xlsx,2026-04-03T23:35:43+00:00,766000.0,766000.0,137847.0,True
us_ca,California,United States,california_capacity::0100,Stanislaus,Stanislaus::2025-2034,county_capacity_planning_summary,organic_waste_recycling_and_edible_food_recovery,reported_county_cycle,2025-2034,302637.0,756000.0,0.0,4493.0,14414.0,0.0,California Department of Resources Recycling and Recovery,https://www2.calrecycle.ca.gov/LGCentral/datatools/reports/capacityplanning,calrecycle_capacity_planning_manual_export.xlsx,2026-04-03T23:35:43+00:00,756000.0,756000.0,302637.0,True
us_ca,California,United States,california_capacity::0101,Sutter,Sutter::2022-2024,county_capacity_planning_summary,organic_waste_recycling_and_edible_food_recovery,reported_county_cycle,2022-2024,0.0,0.0,0.0,0.0,0.0,0.0,California Department of Resources Recycling and Recovery,https://www2.calrecycle.ca.gov/LGCentral/datatools/reports/capacityplanning,calrecycle_capacity_planning_manual_export.xlsx,2026-04-03T23:35:43+00:00,0.0,0.0,0.0,True
us_ca,California,United States,california_capacity::0102,Sutter,Sutter::2025-2034,county_capacity_planning_summary,organic_waste_recycling_and_edible_food_recovery,reported_county_cycle,2025-2034,40521.0,40521.0,0.0,30.0,30.0,0.0,California Department of Resources Recycling and Recovery,https://www2.calrecycle.ca.gov/LGCentral/datatools/reports/capacityplanning,calrecycle_capacity_planning_manual_export.xlsx,2026-04-03T23:35:43+00:00,40521.0,40521.0,40521.0,True
us_ca,California,United States,california_capacity::0103,Tehama,Tehama::2022-2024,county_capacity_planning_summary,organic_waste_recycling_and_edible_food_recovery,reported_county_cycle,2022-2024,0.0,0.0,0.0,102.02,702.92,0.0,California Department of Resources Recycling and Recovery,https://www2.calrecycle.ca.gov/LGCentral/datatools/reports/capacityplanning,calrecycle_capacity_planning_manual_export.xlsx,2026-04-03T23:35:43+00:00,0.0,0.0,0.0,True
us_ca,California,United States,california_capacity::0104,Tehama,Tehama::2025-2034,county_capacity_planning_summary,organic_waste_recycling_and_edible_food_recovery,reported_county_cycle,2025-2034,25031.0,43311.0,0.0,433.41,1549.88,0.0,California Department of Resources Recycling and Recovery,https://www2.calrecycle.ca.gov/LGCentral/datatools/reports/capacityplanning,calrecycle_capacity_planning_manual_export.xlsx,2026-04-03T23:35:43+00:00,43311.0,43311.0,25031.0,True
us_ca,California,United States,california_capacity::0105,Trinity,Trinity::2022-2024,county_capacity_planning_summary,organic_waste_recycling_and_edible_food_recovery,reported_county_cycle,2022-2024,0.0,0.0,0.0,11.4,12.0,0.0,California Department of Resources Recycling and Recovery,https://www2.calrecycle.ca.gov/LGCentral/datatools/reports/capacityplanning,calrecycle_capacity_planning_manual_export.xlsx,2026-04-03T23:35:43+00:00,0.0,0.0,0.0,True
us_ca,California,United States,california_capacity::0106,Trinity,Trinity::2025-2034,county_capacity_planning_summary,organic_waste_recycling_and_edible_food_recovery,reported_county_cycle,2025-2034,0.0,0.0,0.0,18.0,20.0,0.0,California Department of Resources Recycling and Recovery,https://www2.calrecycle.ca.gov/LGCentral/datatools/reports/capacityplanning,calrecycle_capacity_planning_manual_export.xlsx,2026-04-03T23:35:43+00:00,0.0,0.0,0.0,True
us_ca,California,United States,california_capacity::0107,Tulare,Tulare::2022-2024,county_capacity_planning_summary,organic_waste_recycling_and_edible_food_recovery,reported_county_cycle,2022-2024,157255.0,375200.0,0.0,471.0,1875.0,0.0,California Department of Resources Recycling and Recovery,https://www2.calrecycle.ca.gov/LGCentral/datatools/reports/capacityplanning,calrecycle_capacity_planning_manual_export.xlsx,2026-04-03T23:35:43+00:00,375200.0,375200.0,157255.0,True
us_ca,California,United States,california_capacity::0108,Tulare,Tulare::2025-2034,county_capacity_planning_summary,organic_waste_recycling_and_edible_food_recovery,reported_county_cycle,2025-2034,157255.0,375200.0,0.0,3626.51,3626.51,0.0,California Department of Resources Recycling and Recovery,https://www2.calrecycle.ca.gov/LGCentral/datatools/reports/capacityplanning,calrecycle_capacity_planning_manual_export.xlsx,2026-04-03T23:35:43+00:00,375200.0,375200.0,157255.0,True
us_ca,California,United States,california_capacity::0109,Tuolumne,Tuolumne::2022-2024,county_capacity_planning_summary,organic_waste_recycling_and_edible_food_recovery,reported_county_cycle,2022-2024,0.0,0.0,0.0,22.48,578.03,0.0,California Department of Resources Recycling and Recovery,https://www2.calrecycle.ca.gov/LGCentral/datatools/reports/capacityplanning,calrecycle_capacity_planning_manual_export.xlsx,2026-04-03T23:35:43+00:00,0.0,0.0,0.0,True
us_ca,California,United States,california_capacity::0110,Tuolumne,Tuolumne::2025-2034,county_capacity_planning_summary,organic_waste_recycling_and_edible_food_recovery,reported_county_cycle,2025-2034,0.0,0.0,0.0,110.65,466.49,0.0,California Department of Resources Recycling and Recovery,https://www2.calrecycle.ca.gov/LGCentral/datatools/reports/capacityplanning,calrecycle_capacity_planning_manual_export.xlsx,2026-04-03T23:35:43+00:00,0.0,0.0,0.0,True
us_ca,California,United States,california_capacity::0111,Ventura,Ventura::2022-2024,county_capacity_planning_summary,organic_waste_recycling_and_edible_food_recovery,reported_county_cycle,2022-2024,496447.0,217118.0,279259.0,26704.0,4687.0,18567.0,California Department of Resources Recycling and Recovery,https://www2.calrecycle.ca.gov/LGCentral/datatools/reports/capacityplanning,calrecycle_capacity_planning_manual_export.xlsx,2026-04-03T23:35:43+00:00,496377.0,217118.0,496447.0,True
us_ca,California,United States,california_capacity::0112,Ventura,Ventura::2025-2034,county_capacity_planning_summary,organic_waste_recycling_and_edible_food_recovery,reported_county_cycle,2025-2034,496447.0,217188.0,279259.0,7646.0,6000.0,6850.0,California Department of Resources Recycling and Recovery,https://www2.calrecycle.ca.gov/LGCentral/datatools/reports/capacityplanning,calrecycle_capacity_planning_manual_export.xlsx,2026-04-03T23:35:43+00:00,496447.0,217188.0,496447.0,True
us_ca,California,United States,california_capacity::0113,Yolo,Yolo::2022-2024,county_capacity_planning_summary,organic_waste_recycling_and_edible_food_recovery,reported_county_cycle,2022-2024,48000.0,182000.0,0.0,345.0,100.0,245.0,California Department of Resources Recycling and Recovery,https://www2.calrecycle.ca.gov/LGCentral/datatools/reports/capacityplanning,calrecycle_capacity_planning_manual_export.xlsx,2026-04-03T23:35:43+00:00,182000.0,182000.0,48000.0,True
us_ca,California,United States,california_capacity::0114,Yolo,Yolo::2025-2034,county_capacity_planning_summary,organic_waste_recycling_and_edible_food_recovery,reported_county_cycle,2025-2034,48000.0,182000.0,0.0,345.0,100.0,245.0,California Department of Resources Recycling and Recovery,https://www2.calrecycle.ca.gov/LGCentral/datatools/reports/capacityplanning,calrecycle_capacity_planning_manual_export.xlsx,2026-04-03T23:35:43+00:00,182000.0,182000.0,48000.0,True
us_ca,California,United States,california_capacity::0115,Yuba,Yuba::2022-2024,county_capacity_planning_summary,organic_waste_recycling_and_edible_food_recovery,reported_county_cycle,2022-2024,66500.0,66500.0,0.0,95.0,95.0,0.0,California Department of Resources Recycling and Recovery,https://www2.calrecycle.ca.gov/LGCentral/datatools/reports/capacityplanning,calrecycle_capacity_planning_manual_export.xlsx,2026-04-03T23:35:43+00:00,66500.0,66500.0,66500.0,True
us_ca,California,United States,california_capacity::0116,Yuba,Yuba::2025-2034,county_capacity_planning_summary,organic_waste_recycling_and_edible_food_recovery,reported_county_cycle,2025-2034,34155.0,34155.0,0.0,71.0,71.0,0.0,California Department of Resources Recycling and Recovery,https://www2.calrecycle.ca.gov/LGCentral/datatools/reports/capacityplanning,calrecycle_capacity_planning_manual_export.xlsx,2026-04-03T23:35:43+00:00,34155.0,34155.0,34155.0,True
