sample_id,recommended_split,feedstock_carbon_pct,feedstock_hydrogen_pct,feedstock_nitrogen_pct,feedstock_oxygen_pct,feedstock_volatile_matter_pct,feedstock_fixed_carbon_pct,feedstock_ash_pct,feedstock_hhv_mj_per_kg,process_temperature_c,residence_time_min,heating_rate_c_per_min,product_char_yield_pct,product_char_hhv_mj_per_kg,energy_recovery_pct,carbon_retention_pct
Wet-Waste-Biomass-Opt::pyrolysis::0001,train,52.05,5.37,0.49,42.1,73.5,13.2,8.6,21.2,500,60,10.0,35.26,28.85,47.99,53.79
Wet-Waste-Biomass-Opt::pyrolysis::0002,train,43.06,5.98,0.55,50.42,79.4,10.8,2.9,16.44,500,60,10.0,29.05,21.34,37.72,43.8
Wet-Waste-Biomass-Opt::pyrolysis::0003,train,45.03,6.15,0.94,47.89,78.0,7.6,5.8,17.4,500,60,10.0,29.8,29.06,49.76,44.8
Wet-Waste-Biomass-Opt::pyrolysis::0004,validation,42.72,5.61,0.44,51.24,82.6,4.97,5.27,16.38,500,60,10.0,33.6,18.79,38.54,50.09
Wet-Waste-Biomass-Opt::pyrolysis::0005,train,42.76,5.99,0.39,50.88,82.7,3.22,0.24,16.27,500,60,10.0,30.24,20.12,37.4,46.2
Wet-Waste-Biomass-Opt::pyrolysis::0006,train,47.58,6.13,0.52,45.73,85.53,13.32,1.15,16.85,700,10,5.0,29.92,28.02,49.76,55.41
Wet-Waste-Biomass-Opt::pyrolysis::0007,validation,47.58,6.13,0.52,45.73,85.53,13.32,1.15,16.85,700,10,10.0,21.98,28.25,36.86,41.45
Wet-Waste-Biomass-Opt::pyrolysis::0008,train,47.58,6.13,0.52,45.73,85.53,13.32,1.15,16.85,700,10,20.0,20.08,27.76,33.08,36.81
Wet-Waste-Biomass-Opt::pyrolysis::0009,validation,47.58,6.13,0.52,45.73,85.53,13.32,1.15,16.85,700,10,30.0,18.17,27.29,29.44,32.83
Wet-Waste-Biomass-Opt::pyrolysis::0010,train,47.58,6.13,0.52,45.73,85.53,13.32,1.15,16.85,300,10,10.0,49.3,25.43,74.4,71.04
Wet-Waste-Biomass-Opt::pyrolysis::0011,test,47.58,6.13,0.52,45.73,85.53,13.32,1.15,16.85,400,10,10.0,30.7,27.46,50.03,48.16
Wet-Waste-Biomass-Opt::pyrolysis::0012,train,47.58,6.13,0.52,45.73,85.53,13.32,1.15,16.85,500,10,10.0,26.0,28.15,43.44,43.23
Wet-Waste-Biomass-Opt::pyrolysis::0013,train,47.58,6.13,0.52,45.73,85.53,13.32,1.15,16.85,600,10,10.0,24.3,28.97,41.78,42.87
Wet-Waste-Biomass-Opt::pyrolysis::0014,train,47.58,6.13,0.52,45.73,85.53,13.32,1.15,16.85,700,10,10.0,23.6,29.56,41.4,43.82
Wet-Waste-Biomass-Opt::pyrolysis::0015,train,48.12,6.48,1.89,43.51,69.5,15.9,2.9,18.92,400,30,10.0,35.83,28.64,54.23,59.31
Wet-Waste-Biomass-Opt::pyrolysis::0016,test,48.12,6.48,1.89,43.51,69.5,15.9,2.9,18.92,500,30,10.0,22.62,28.38,33.93,39.15
Wet-Waste-Biomass-Opt::pyrolysis::0017,train,48.12,6.48,1.89,43.51,69.5,15.9,2.9,18.92,600,30,10.0,21.07,27.18,30.27,36.92
Wet-Waste-Biomass-Opt::pyrolysis::0018,validation,46.21,6.01,1.91,45.87,65.3,15.6,11.7,18.11,500,30,10.0,27.28,23.69,35.68,45.67
Wet-Waste-Biomass-Opt::pyrolysis::0019,train,48.37,4.98,0.38,46.27,70.4,18.5,1.2,19.46,500,30,10.0,22.33,30.47,34.96,40.44
Wet-Waste-Biomass-Opt::pyrolysis::0020,test,47.0,6.44,0.44,45.63,80.57,18.06,1.37,18.27,500,30,7.0,31.05,27.65,46.99,51.35
Wet-Waste-Biomass-Opt::pyrolysis::0021,train,46.8,6.45,0.47,45.74,80.06,18.1,1.83,18.17,500,30,7.0,30.53,27.57,46.33,51.18
Wet-Waste-Biomass-Opt::pyrolysis::0022,train,48.02,6.71,0.52,44.19,79.76,18.22,2.02,18.7,500,30,7.0,30.79,28.31,46.61,51.35
Wet-Waste-Biomass-Opt::pyrolysis::0023,train,47.03,6.45,0.53,45.46,80.59,17.03,1.21,18.29,500,30,7.0,30.26,28.45,47.08,51.63
Wet-Waste-Biomass-Opt::pyrolysis::0024,train,30.52,48.97,0.34,20.17,74.1,25.9,2.0,20.77,600,60,5.0,31.8,33.6,51.45,94.41
Wet-Waste-Biomass-Opt::pyrolysis::0025,train,26.77,46.89,0.45,25.89,85.3,14.7,4.4,17.91,600,60,5.0,27.7,30.1,46.56,91.68
Wet-Waste-Biomass-Opt::pyrolysis::0026,train,27.22,49.96,0.71,22.1,80.9,19.1,19.6,14.15,600,60,5.0,39.0,19.3,53.19,78.08
Wet-Waste-Biomass-Opt::pyrolysis::0027,test,31.21,44.14,1.02,23.63,77.2,22.8,0.6,20.6,600,60,5.0,28.2,33.7,46.13,84.85
Wet-Waste-Biomass-Opt::pyrolysis::0028,validation,28.63,48.57,0.92,21.88,85.9,14.1,7.9,16.74,600,60,5.0,30.3,26.5,47.98,79.69
Wet-Waste-Biomass-Opt::pyrolysis::0029,train,25.15,49.87,2.62,22.35,93.1,6.9,4.2,16.48,600,60,5.0,28.0,31.4,53.34,92.61
Wet-Waste-Biomass-Opt::pyrolysis::0030,train,29.49,48.9,1.03,20.59,80.5,19.0,4.5,18.79,600,60,5.0,30.5,24.1,39.11,74.27
Wet-Waste-Biomass-Opt::pyrolysis::0031,train,24.68,49.69,0.38,25.26,85.3,14.7,5.3,17.64,600,60,5.0,30.8,26.6,46.45,103.09
Wet-Waste-Biomass-Opt::pyrolysis::0032,train,51.88,6.21,0.16,41.76,84.75,15.09,0.15,18.27,350,60,10.0,32.7,29.47,52.75,47.74
Wet-Waste-Biomass-Opt::pyrolysis::0033,train,51.88,6.21,0.16,41.76,84.75,15.09,0.15,18.27,400,60,10.0,27.9,29.96,45.75,41.87
Wet-Waste-Biomass-Opt::pyrolysis::0034,train,51.88,6.21,0.16,41.76,84.75,15.09,0.15,18.27,500,60,10.0,23.3,32.4,41.32,38.53
Wet-Waste-Biomass-Opt::pyrolysis::0035,train,51.88,6.21,0.16,41.76,84.75,15.09,0.15,18.27,600,60,10.0,20.7,33.96,38.48,36.53
Wet-Waste-Biomass-Opt::pyrolysis::0036,validation,31.26,44.18,0.27,24.3,83.12,7.38,2.41,18.93,370,5,5.0,41.4,26.63,58.25,89.58
Wet-Waste-Biomass-Opt::pyrolysis::0037,train,31.26,44.18,0.27,24.3,83.12,7.38,2.41,18.93,370,15,5.0,37.75,26.26,52.38,82.32
Wet-Waste-Biomass-Opt::pyrolysis::0038,validation,31.26,44.18,0.27,24.3,83.12,7.38,2.41,18.93,370,45,5.0,33.78,26.91,48.02,74.3
Wet-Waste-Biomass-Opt::pyrolysis::0039,test,31.26,44.18,0.27,24.3,83.12,7.38,2.41,18.93,370,5,20.0,37.27,26.7,52.58,80.32
Wet-Waste-Biomass-Opt::pyrolysis::0040,train,31.26,44.18,0.27,24.3,83.12,7.38,2.41,18.93,370,15,20.0,33.4,26.32,46.46,72.47
Wet-Waste-Biomass-Opt::pyrolysis::0041,train,31.26,44.18,0.27,24.3,83.12,7.38,2.41,18.93,370,45,20.0,33.06,26.31,45.96,71.33
Wet-Waste-Biomass-Opt::pyrolysis::0042,validation,31.26,44.18,0.27,24.3,83.12,7.38,2.41,18.93,370,5,50.0,33.23,25.52,44.81,69.41
Wet-Waste-Biomass-Opt::pyrolysis::0043,train,31.26,44.18,0.27,24.3,83.12,7.38,2.41,18.93,370,15,50.0,30.82,27.16,44.23,68.9
Wet-Waste-Biomass-Opt::pyrolysis::0044,validation,31.26,44.18,0.27,24.3,83.12,7.38,2.41,18.93,370,45,50.0,30.35,27.0,43.28,67.51
Wet-Waste-Biomass-Opt::pyrolysis::0045,train,31.26,44.18,0.27,24.3,83.12,7.38,2.41,18.93,410,5,5.0,34.45,26.85,48.88,76.88
Wet-Waste-Biomass-Opt::pyrolysis::0046,test,31.26,44.18,0.27,24.3,83.12,7.38,2.41,18.93,410,15,5.0,33.75,26.69,47.58,75.49
Wet-Waste-Biomass-Opt::pyrolysis::0047,validation,31.26,44.18,0.27,24.3,83.12,7.38,2.41,18.93,410,45,5.0,32.89,26.96,46.85,74.55
Wet-Waste-Biomass-Opt::pyrolysis::0048,test,31.26,44.18,0.27,24.3,83.12,7.38,2.41,18.93,410,5,20.0,32.33,26.24,44.82,70.02
Wet-Waste-Biomass-Opt::pyrolysis::0049,train,31.26,44.18,0.27,24.3,83.12,7.38,2.41,18.93,410,15,20.0,31.71,26.81,44.93,70.73
Wet-Waste-Biomass-Opt::pyrolysis::0050,train,31.26,44.18,0.27,24.3,83.12,7.38,2.41,18.93,410,45,20.0,29.12,26.46,40.71,64.61
Wet-Waste-Biomass-Opt::pyrolysis::0051,train,31.26,44.18,0.27,24.3,83.12,7.38,2.41,18.93,410,5,50.0,30.69,26.78,43.43,67.45
Wet-Waste-Biomass-Opt::pyrolysis::0052,train,31.26,44.18,0.27,24.3,83.12,7.38,2.41,18.93,410,15,50.0,29.88,26.78,42.27,66.35
Wet-Waste-Biomass-Opt::pyrolysis::0053,train,31.26,44.18,0.27,24.3,83.12,7.38,2.41,18.93,410,45,50.0,28.53,27.55,41.53,65.73
Wet-Waste-Biomass-Opt::pyrolysis::0054,train,31.26,44.18,0.27,24.3,83.12,7.38,2.41,18.93,450,5,5.0,31.13,28.36,46.65,73.54
Wet-Waste-Biomass-Opt::pyrolysis::0055,train,31.26,44.18,0.27,24.3,83.12,7.38,2.41,18.93,450,15,5.0,29.79,28.39,44.68,71.08
Wet-Waste-Biomass-Opt::pyrolysis::0056,validation,31.26,44.18,0.27,24.3,83.12,7.38,2.41,18.93,450,45,5.0,29.17,27.87,42.96,69.04
Wet-Waste-Biomass-Opt::pyrolysis::0057,train,31.26,44.18,0.27,24.3,83.12,7.38,2.41,18.93,450,5,20.0,28.56,27.04,40.8,65.11
Wet-Waste-Biomass-Opt::pyrolysis::0058,train,31.26,44.18,0.27,24.3,83.12,7.38,2.41,18.93,450,15,20.0,28.22,27.1,40.42,64.76
Wet-Waste-Biomass-Opt::pyrolysis::0059,train,31.26,44.18,0.27,24.3,83.12,7.38,2.41,18.93,450,45,20.0,28.95,26.94,41.21,66.39
Wet-Waste-Biomass-Opt::pyrolysis::0060,train,31.26,44.18,0.27,24.3,83.12,7.38,2.41,18.93,450,5,50.0,28.07,26.71,39.62,63.57
Wet-Waste-Biomass-Opt::pyrolysis::0061,train,31.26,44.18,0.27,24.3,83.12,7.38,2.41,18.93,450,15,50.0,27.85,26.85,39.51,63.99
Wet-Waste-Biomass-Opt::pyrolysis::0062,train,31.26,44.18,0.27,24.3,83.12,7.38,2.41,18.93,450,45,50.0,27.38,27.02,39.1,63.75
Wet-Waste-Biomass-Opt::pyrolysis::0063,validation,34.93,45.96,1.4,17.72,58.19,25.57,8.92,21.71,370,5,5.0,54.01,22.84,56.83,91.1
Wet-Waste-Biomass-Opt::pyrolysis::0064,train,34.93,45.96,1.4,17.72,58.19,25.57,8.92,21.71,370,15,5.0,53.89,22.25,55.23,91.08
Wet-Waste-Biomass-Opt::pyrolysis::0065,train,34.93,45.96,1.4,17.72,58.19,25.57,8.92,21.71,370,45,5.0,55.12,23.55,59.81,96.37
Wet-Waste-Biomass-Opt::pyrolysis::0066,train,34.93,45.96,1.4,17.72,58.19,25.57,8.92,21.71,370,5,20.0,52.49,23.38,56.55,90.57
Wet-Waste-Biomass-Opt::pyrolysis::0067,train,34.93,45.96,1.4,17.72,58.19,25.57,8.92,21.71,370,15,20.0,51.65,23.32,55.5,90.15
Wet-Waste-Biomass-Opt::pyrolysis::0068,train,34.93,45.96,1.4,17.72,58.19,25.57,8.92,21.71,370,45,20.0,50.79,24.67,57.72,91.21
Wet-Waste-Biomass-Opt::pyrolysis::0069,train,34.93,45.96,1.4,17.72,58.19,25.57,8.92,21.71,370,5,50.0,52.29,24.2,58.3,91.34
Wet-Waste-Biomass-Opt::pyrolysis::0070,test,34.93,45.96,1.4,17.72,58.19,25.57,8.92,21.71,370,15,50.0,49.66,22.83,52.23,85.01
Wet-Waste-Biomass-Opt::pyrolysis::0071,validation,34.93,45.96,1.4,17.72,58.19,25.57,8.92,21.71,370,45,50.0,49.65,23.56,53.89,86.9
Wet-Waste-Biomass-Opt::pyrolysis::0072,validation,34.93,45.96,1.4,17.72,58.19,25.57,8.92,21.71,410,5,5.0,50.42,23.34,54.21,88.47
Wet-Waste-Biomass-Opt::pyrolysis::0073,validation,34.93,45.96,1.4,17.72,58.19,25.57,8.92,21.71,410,15,5.0,48.77,24.91,55.97,88.52
Wet-Waste-Biomass-Opt::pyrolysis::0074,train,34.93,45.96,1.4,17.72,58.19,25.57,8.92,21.71,410,45,5.0,48.21,22.68,50.37,83.7
Wet-Waste-Biomass-Opt::pyrolysis::0075,train,34.93,45.96,1.4,17.72,58.19,25.57,8.92,21.71,410,5,20.0,50.12,22.24,51.36,85.31
Wet-Waste-Biomass-Opt::pyrolysis::0076,train,34.93,45.96,1.4,17.72,58.19,25.57,8.92,21.71,410,15,20.0,46.86,23.89,51.58,84.11
Wet-Waste-Biomass-Opt::pyrolysis::0077,train,34.93,45.96,1.4,17.72,58.19,25.57,8.92,21.71,410,45,20.0,47.21,23.53,51.17,83.68
Wet-Waste-Biomass-Opt::pyrolysis::0078,train,34.93,45.96,1.4,17.72,58.19,25.57,8.92,21.71,410,5,50.0,46.87,23.29,50.29,82.42
Wet-Waste-Biomass-Opt::pyrolysis::0079,validation,34.93,45.96,1.4,17.72,58.19,25.57,8.92,21.71,410,15,50.0,45.76,23.63,49.82,81.8
Wet-Waste-Biomass-Opt::pyrolysis::0080,train,34.93,45.96,1.4,17.72,58.19,25.57,8.92,21.71,410,45,50.0,45.55,22.81,47.88,80.21
Wet-Waste-Biomass-Opt::pyrolysis::0081,train,34.93,45.96,1.4,17.72,58.19,25.57,8.92,21.71,450,5,5.0,47.47,23.86,52.18,85.7
Wet-Waste-Biomass-Opt::pyrolysis::0082,validation,34.93,45.96,1.4,17.72,58.19,25.57,8.92,21.71,450,15,5.0,45.98,22.44,47.54,80.97
Wet-Waste-Biomass-Opt::pyrolysis::0083,train,34.93,45.96,1.4,17.72,58.19,25.57,8.92,21.71,450,45,5.0,44.03,24.94,50.6,83.02
Wet-Waste-Biomass-Opt::pyrolysis::0084,train,34.93,45.96,1.4,17.72,58.19,25.57,8.92,21.71,450,5,20.0,46.76,23.25,50.08,83.41
Wet-Waste-Biomass-Opt::pyrolysis::0085,test,34.93,45.96,1.4,17.72,58.19,25.57,8.92,21.71,450,15,20.0,44.88,22.88,47.31,80.61
Wet-Waste-Biomass-Opt::pyrolysis::0086,train,34.93,45.96,1.4,17.72,58.19,25.57,8.92,21.71,450,45,20.0,45.6,22.58,47.43,80.86
Wet-Waste-Biomass-Opt::pyrolysis::0087,train,34.93,45.96,1.4,17.72,58.19,25.57,8.92,21.71,450,5,50.0,43.92,23.14,46.82,78.5
Wet-Waste-Biomass-Opt::pyrolysis::0088,train,34.93,45.96,1.4,17.72,58.19,25.57,8.92,21.71,450,15,50.0,43.4,22.99,45.97,77.45
Wet-Waste-Biomass-Opt::pyrolysis::0089,train,34.93,45.96,1.4,17.72,58.19,25.57,8.92,21.71,450,45,50.0,44.19,22.21,45.23,76.94
Wet-Waste-Biomass-Opt::pyrolysis::0090,train,44.8,7.1,0.43,37.3,60.83,22.15,10.37,20.76,400,30,15.0,39.16,22.78,42.96,53.56
Wet-Waste-Biomass-Opt::pyrolysis::0091,train,44.8,7.1,0.43,37.3,60.83,22.15,10.37,20.76,450,30,15.0,35.22,24.75,41.98,47.15
Wet-Waste-Biomass-Opt::pyrolysis::0092,train,44.8,7.1,0.43,37.3,60.83,22.15,10.37,20.76,500,30,15.0,31.78,26.47,40.51,45.06
Wet-Waste-Biomass-Opt::pyrolysis::0093,train,44.8,7.1,0.43,37.3,60.83,22.15,10.37,20.76,550,30,15.0,30.48,28.4,41.69,46.09
Wet-Waste-Biomass-Opt::pyrolysis::0094,validation,49.65,7.54,4.03,38.13,78.71,14.08,1.83,20.98,400,60,5.0,41.47,29.61,58.53,60.37
Wet-Waste-Biomass-Opt::pyrolysis::0095,train,49.65,7.54,4.03,38.13,78.71,14.08,1.83,20.98,500,60,5.0,29.83,28.96,41.18,44.68
Wet-Waste-Biomass-Opt::pyrolysis::0096,test,49.65,7.54,4.03,38.13,78.71,14.08,1.83,20.98,600,60,5.0,29.28,28.52,39.8,44.74
Wet-Waste-Biomass-Opt::pyrolysis::0097,test,49.65,7.54,4.03,38.13,78.71,14.08,1.83,20.98,800,60,5.0,27.87,27.23,36.17,43.89
Wet-Waste-Biomass-Opt::pyrolysis::0098,validation,46.82,6.33,0.16,44.65,79.2,18.61,2.05,18.2,350,70,5.0,40.36,25.32,56.17,58.75
Wet-Waste-Biomass-Opt::pyrolysis::0099,validation,47.59,5.82,0.78,43.38,68.99,28.57,2.43,18.8,350,70,5.0,46.93,25.97,64.82,63.1
Wet-Waste-Biomass-Opt::pyrolysis::0100,train,45.52,6.26,0.24,43.83,83.03,12.97,4.0,17.57,350,70,5.0,41.34,24.35,57.3,59.05
Wet-Waste-Biomass-Opt::pyrolysis::0101,train,33.59,5.81,2.11,41.07,65.15,17.43,17.4,11.8,350,70,5.0,56.41,17.24,82.44,76.47
Wet-Waste-Biomass-Opt::pyrolysis::0102,train,43.52,5.77,0.04,50.34,78.55,9.88,0.28,17.0,315,30,14.2,50.88,26.06,77.99,87.27
Wet-Waste-Biomass-Opt::pyrolysis::0103,train,43.52,5.77,0.04,50.34,78.55,9.88,0.28,16.71,330,30,25.5,32.81,28.94,56.83,59.53
Wet-Waste-Biomass-Opt::pyrolysis::0104,train,43.52,5.77,0.04,50.34,78.55,9.88,0.28,16.71,425,30,51.5,27.37,30.86,50.55,53.36
Wet-Waste-Biomass-Opt::pyrolysis::0105,test,43.52,5.77,0.04,50.34,78.55,9.88,0.28,16.71,490,30,57.6,21.93,31.3,41.09,44.44
Wet-Waste-Biomass-Opt::pyrolysis::0106,train,43.52,5.77,0.04,50.34,78.55,9.88,0.28,16.71,560,30,76.8,20.7,31.36,38.86,43.15
Wet-Waste-Biomass-Opt::pyrolysis::0107,train,45.46,5.32,0.18,40.6,74.2,17.4,0.8,17.96,400,45,30.0,26.19,28.7,41.84,43.49
Wet-Waste-Biomass-Opt::pyrolysis::0108,train,45.46,5.32,0.18,40.6,74.2,17.4,0.8,17.96,500,45,30.0,22.22,31.89,39.46,40.47
Wet-Waste-Biomass-Opt::pyrolysis::0109,train,45.46,5.32,0.18,40.6,74.2,17.4,0.8,17.96,600,45,30.0,20.24,32.54,36.67,39.4
Wet-Waste-Biomass-Opt::pyrolysis::0110,train,31.31,3.33,1.08,36.44,53.1,19.2,17.0,14.88,400,45,30.0,26.56,23.62,42.16,46.66
Wet-Waste-Biomass-Opt::pyrolysis::0111,train,31.31,3.33,1.08,36.44,53.1,19.2,17.0,14.88,500,45,30.0,18.92,26.0,33.07,35.6
Wet-Waste-Biomass-Opt::pyrolysis::0112,test,31.31,3.33,1.08,36.44,53.1,19.2,17.0,14.88,600,45,30.0,17.93,28.18,33.96,35.79
Wet-Waste-Biomass-Opt::pyrolysis::0113,train,32.0,50.57,1.97,15.46,61.25,11.56,27.36,15.18,400,60,20.0,51.35,12.43,42.05,56.0
Wet-Waste-Biomass-Opt::pyrolysis::0114,test,32.0,50.57,1.97,15.46,61.25,11.56,27.36,15.18,500,60,20.0,45.76,12.15,36.63,49.94
Wet-Waste-Biomass-Opt::pyrolysis::0115,train,32.0,50.57,1.97,15.46,61.25,11.56,27.36,15.18,600,60,20.0,44.02,10.97,31.81,45.44
Wet-Waste-Biomass-Opt::pyrolysis::0116,train,32.14,48.46,1.64,17.77,65.88,14.07,20.69,15.26,400,60,20.0,48.21,15.32,48.4,63.41
Wet-Waste-Biomass-Opt::pyrolysis::0117,train,32.14,48.46,1.64,17.77,65.88,14.07,20.69,15.26,500,60,20.0,43.32,15.3,43.43,58.01
Wet-Waste-Biomass-Opt::pyrolysis::0118,train,32.14,48.46,1.64,17.77,65.88,14.07,20.69,15.26,600,60,20.0,39.83,15.87,41.42,55.32
Wet-Waste-Biomass-Opt::pyrolysis::0119,train,32.86,45.98,1.59,19.57,63.02,13.23,23.81,13.72,400,60,20.0,50.66,14.46,53.39,62.51
Wet-Waste-Biomass-Opt::pyrolysis::0120,train,32.86,45.98,1.59,19.57,63.02,13.23,23.81,13.72,500,60,20.0,46.46,13.75,46.56,56.39
Wet-Waste-Biomass-Opt::pyrolysis::0121,train,32.86,45.98,1.59,19.57,63.02,13.23,23.81,13.72,600,60,20.0,44.02,14.76,47.35,55.63
Wet-Waste-Biomass-Opt::pyrolysis::0122,test,30.27,48.59,3.39,17.76,62.67,10.71,26.68,12.77,400,60,20.0,49.26,13.72,52.92,61.17
Wet-Waste-Biomass-Opt::pyrolysis::0123,train,30.27,48.59,3.39,17.76,62.67,10.71,26.68,12.77,500,60,20.0,44.72,13.05,45.7,54.34
Wet-Waste-Biomass-Opt::pyrolysis::0124,validation,30.27,48.59,3.39,17.76,62.67,10.71,26.68,12.77,600,60,20.0,42.62,13.44,44.86,52.76
Wet-Waste-Biomass-Opt::pyrolysis::0125,test,31.48,49.93,2.03,16.56,63.54,8.66,27.88,14.27,400,60,20.0,50.66,12.97,46.04,56.94
Wet-Waste-Biomass-Opt::pyrolysis::0126,train,31.48,49.93,2.03,16.56,63.54,8.66,27.88,14.27,500,60,20.0,46.81,11.76,38.58,49.63
Wet-Waste-Biomass-Opt::pyrolysis::0127,train,31.48,49.93,2.03,16.56,63.54,8.66,27.88,14.27,600,60,20.0,44.72,11.91,37.32,48.02
Wet-Waste-Biomass-Opt::pyrolysis::0128,train,42.0,5.5,0.1,44.9,77.2,15.3,7.4,15.8,350,10,5.0,41.91,24.1,63.92,61.27
Wet-Waste-Biomass-Opt::pyrolysis::0129,validation,42.0,5.5,0.1,44.9,77.2,15.3,7.4,15.8,350,20,5.0,41.99,23.1,61.39,62.69
Wet-Waste-Biomass-Opt::pyrolysis::0130,train,42.0,5.5,0.1,44.9,77.2,15.3,7.4,15.8,350,40,5.0,43.28,23.8,65.19,58.32
Wet-Waste-Biomass-Opt::pyrolysis::0131,validation,42.0,5.5,0.1,44.9,77.2,15.3,7.4,15.8,650,10,5.0,32.08,24.0,48.73,54.31
Wet-Waste-Biomass-Opt::pyrolysis::0132,train,42.0,5.5,0.1,44.9,77.2,15.3,7.4,15.8,650,20,5.0,30.87,23.0,44.94,52.99
Wet-Waste-Biomass-Opt::pyrolysis::0133,train,42.0,5.5,0.1,44.9,77.2,15.3,7.4,15.8,650,40,5.0,29.92,24.4,46.2,52.14
Wet-Waste-Biomass-Opt::pyrolysis::0134,validation,42.0,5.5,0.1,44.9,77.2,15.3,7.4,15.8,350,10,5.0,50.0,21.6,68.35,66.07
Wet-Waste-Biomass-Opt::pyrolysis::0135,train,42.0,5.5,0.1,44.9,77.2,15.3,7.4,15.8,350,20,5.0,45.25,22.1,63.29,65.07
Wet-Waste-Biomass-Opt::pyrolysis::0136,validation,42.0,5.5,0.1,44.9,77.2,15.3,7.4,15.8,350,40,5.0,37.22,22.3,52.53,55.03
Wet-Waste-Biomass-Opt::pyrolysis::0137,test,42.0,5.5,0.1,44.9,77.2,15.3,7.4,15.8,650,10,5.0,29.96,24.7,46.84,49.36
Wet-Waste-Biomass-Opt::pyrolysis::0138,train,42.0,5.5,0.1,44.9,77.2,15.3,7.4,15.8,650,20,5.0,29.48,25.1,46.84,49.98
Wet-Waste-Biomass-Opt::pyrolysis::0139,train,42.0,5.5,0.1,44.9,77.2,15.3,7.4,15.8,650,40,5.0,28.94,23.5,43.04,49.19
Wet-Waste-Biomass-Opt::pyrolysis::0140,test,42.0,5.5,0.1,44.9,77.2,15.3,7.4,15.8,350,10,5.0,41.46,24.6,64.56,61.21
Wet-Waste-Biomass-Opt::pyrolysis::0141,validation,42.0,5.5,0.1,44.9,77.2,15.3,7.4,15.8,350,20,5.0,39.43,24.6,61.39,59.05
Wet-Waste-Biomass-Opt::pyrolysis::0142,train,42.0,5.5,0.1,44.9,77.2,15.3,7.4,15.8,350,40,5.0,37.45,24.3,57.59,57.6
Wet-Waste-Biomass-Opt::pyrolysis::0143,train,42.0,5.5,0.1,44.9,77.2,15.3,7.4,15.8,650,10,5.0,29.84,24.8,46.84,51.01
Wet-Waste-Biomass-Opt::pyrolysis::0144,validation,42.0,5.5,0.1,44.9,77.2,15.3,7.4,15.8,650,20,5.0,30.71,24.1,46.84,50.3
Wet-Waste-Biomass-Opt::pyrolysis::0145,test,42.0,5.5,0.1,44.9,77.2,15.3,7.4,15.8,650,40,5.0,27.8,25.9,45.57,47.99
Wet-Waste-Biomass-Opt::pyrolysis::0146,train,53.7,6.7,0.0,33.9,77.2,17.2,5.7,17.6,350,10,5.0,55.96,27.7,88.07,70.13
Wet-Waste-Biomass-Opt::pyrolysis::0147,train,53.7,6.7,0.0,33.9,77.2,17.2,5.7,17.6,350,20,5.0,54.68,26.7,82.95,64.66
Wet-Waste-Biomass-Opt::pyrolysis::0148,train,53.7,6.7,0.0,33.9,77.2,17.2,5.7,17.6,350,40,5.0,50.36,27.6,78.98,64.15
Wet-Waste-Biomass-Opt::pyrolysis::0149,validation,53.7,6.7,0.0,33.9,77.2,17.2,5.7,17.6,650,10,5.0,28.87,33.6,55.11,48.6
Wet-Waste-Biomass-Opt::pyrolysis::0150,test,53.7,6.7,0.0,33.9,77.2,17.2,5.7,17.6,650,20,5.0,28.57,33.6,54.55,47.78
Wet-Waste-Biomass-Opt::pyrolysis::0151,train,53.7,6.7,0.0,33.9,77.2,17.2,5.7,17.6,650,40,5.0,28.91,33.9,55.68,48.45
Wet-Waste-Biomass-Opt::pyrolysis::0152,test,53.7,6.7,0.0,33.9,77.2,17.2,5.7,17.6,350,10,5.0,42.75,27.6,67.05,56.85
Wet-Waste-Biomass-Opt::pyrolysis::0153,train,53.7,6.7,0.0,33.9,77.2,17.2,5.7,17.6,350,20,5.0,42.45,27.8,67.05,55.8
Wet-Waste-Biomass-Opt::pyrolysis::0154,train,53.7,6.7,0.0,33.9,77.2,17.2,5.7,17.6,350,40,5.0,44.28,27.1,68.18,58.88
Wet-Waste-Biomass-Opt::pyrolysis::0155,train,53.7,6.7,0.0,33.9,77.2,17.2,5.7,17.6,650,10,5.0,28.53,33.3,53.98,49.3
Wet-Waste-Biomass-Opt::pyrolysis::0156,train,53.7,6.7,0.0,33.9,77.2,17.2,5.7,17.6,650,20,5.0,28.92,33.2,54.55,47.33
Wet-Waste-Biomass-Opt::pyrolysis::0157,validation,53.7,6.7,0.0,33.9,77.2,17.2,5.7,17.6,650,40,5.0,28.4,33.1,53.41,47.7
Wet-Waste-Biomass-Opt::pyrolysis::0158,train,53.7,6.7,0.0,33.9,77.2,17.2,5.7,17.6,350,10,5.0,45.13,27.7,71.02,58.91
Wet-Waste-Biomass-Opt::pyrolysis::0159,test,53.7,6.7,0.0,33.9,77.2,17.2,5.7,17.6,350,20,5.0,39.37,28.7,64.2,56.02
Wet-Waste-Biomass-Opt::pyrolysis::0160,train,53.7,6.7,0.0,33.9,77.2,17.2,5.7,17.6,350,40,5.0,40.48,28.9,66.48,50.81
Wet-Waste-Biomass-Opt::pyrolysis::0161,validation,53.7,6.7,0.0,33.9,77.2,17.2,5.7,17.6,650,10,5.0,27.6,33.7,52.84,46.35
Wet-Waste-Biomass-Opt::pyrolysis::0162,train,53.7,6.7,0.0,33.9,77.2,17.2,5.7,17.6,650,20,5.0,27.3,33.7,52.27,44.28
Wet-Waste-Biomass-Opt::pyrolysis::0163,test,53.7,6.7,0.0,33.9,77.2,17.2,5.7,17.6,650,40,5.0,27.25,33.4,51.7,44.34
Wet-Waste-Biomass-Opt::pyrolysis::0164,test,51.71,5.32,0.33,42.64,71.0,13.7,2.1,17.02,500,60,10.0,23.99,37.52,52.88,39.7
Wet-Waste-Biomass-Opt::pyrolysis::0165,train,61.57,4.37,1.02,33.04,49.1,25.3,4.6,16.54,500,60,10.0,36.92,24.11,53.81,50.63
Wet-Waste-Biomass-Opt::pyrolysis::0166,train,55.82,5.62,0.84,37.73,66.8,17.9,3.4,15.89,500,60,10.0,31.11,27.97,54.75,48.95
Wet-Waste-Biomass-Opt::pyrolysis::0167,test,50.52,5.81,0.23,43.44,80.1,10.7,0.4,16.46,500,60,10.0,22.21,38.72,52.25,39.26
Wet-Waste-Biomass-Opt::pyrolysis::0168,validation,53.42,6.12,1.4,39.06,68.9,16.2,4.9,15.4,500,60,10.0,30.34,28.02,55.19,48.18
Wet-Waste-Biomass-Opt::pyrolysis::0169,train,40.86,5.27,1.03,48.07,70.9,24.8,4.3,15.49,300,30,5.0,59.0,21.58,82.2,82.31
Wet-Waste-Biomass-Opt::pyrolysis::0170,train,40.86,5.27,1.03,48.07,70.9,24.8,4.3,15.49,350,30,5.0,42.8,25.54,70.57,67.77
Wet-Waste-Biomass-Opt::pyrolysis::0171,train,40.86,5.27,1.03,48.07,70.9,24.8,4.3,15.49,500,30,5.0,34.0,27.25,59.82,59.32
Wet-Waste-Biomass-Opt::pyrolysis::0172,train,40.86,5.27,1.03,48.07,70.9,24.8,4.3,15.49,600,30,5.0,30.7,26.59,52.7,54.28
Wet-Waste-Biomass-Opt::pyrolysis::0173,train,42.62,6.36,2.08,44.78,68.2,27.8,4.0,16.02,300,30,5.0,51.3,23.07,73.9,68.4
Wet-Waste-Biomass-Opt::pyrolysis::0174,train,42.62,6.36,2.08,44.78,68.2,27.8,4.0,16.02,350,30,5.0,45.1,26.01,73.25,68.71
Wet-Waste-Biomass-Opt::pyrolysis::0175,train,42.62,6.36,2.08,44.78,68.2,27.8,4.0,16.02,500,30,5.0,31.5,23.93,47.07,47.14
Wet-Waste-Biomass-Opt::pyrolysis::0176,train,42.62,6.36,2.08,44.78,68.2,27.8,4.0,16.02,600,30,5.0,29.0,25.1,45.45,46.3
Wet-Waste-Biomass-Opt::pyrolysis::0177,validation,35.1,4.0,1.05,38.1,58.4,20.8,20.8,13.06,300,30,5.0,63.2,15.13,73.2,74.71
Wet-Waste-Biomass-Opt::pyrolysis::0178,test,35.1,4.0,1.05,38.1,58.4,20.8,20.8,13.06,350,30,5.0,59.4,15.54,70.66,70.74
Wet-Waste-Biomass-Opt::pyrolysis::0179,validation,35.1,4.0,1.05,38.1,58.4,20.8,20.8,13.06,500,30,5.0,48.4,15.34,56.84,62.4
Wet-Waste-Biomass-Opt::pyrolysis::0180,test,35.1,4.0,1.05,38.1,58.4,20.8,20.8,13.06,600,30,5.0,45.8,15.56,54.56,58.86
Wet-Waste-Biomass-Opt::pyrolysis::0181,train,35.7,5.27,9.61,40.98,68.3,23.5,8.2,13.54,300,30,5.0,53.2,20.23,79.47,79.83
Wet-Waste-Biomass-Opt::pyrolysis::0182,train,35.7,5.27,9.61,40.98,68.3,23.5,8.2,13.54,350,30,5.0,43.0,22.5,71.44,68.66
Wet-Waste-Biomass-Opt::pyrolysis::0183,train,35.7,5.27,9.61,40.98,68.3,23.5,8.2,13.54,500,30,5.0,33.4,22.26,54.9,56.46
Wet-Waste-Biomass-Opt::pyrolysis::0184,train,35.7,5.27,9.61,40.98,68.3,23.5,8.2,13.54,600,30,5.0,31.1,20.61,47.33,49.31
Wet-Waste-Biomass-Opt::pyrolysis::0185,train,31.39,3.39,0.35,43.4,63.78,14.73,12.99,15.77,300,60,5.0,35.86,19.6,44.57,53.86
Wet-Waste-Biomass-Opt::pyrolysis::0186,validation,31.39,3.39,0.35,43.4,63.78,14.73,12.99,15.77,400,90,5.0,33.73,21.01,44.94,58.38
Wet-Waste-Biomass-Opt::pyrolysis::0187,train,31.39,3.39,0.35,43.4,63.78,14.73,12.99,15.77,500,120,5.0,35.14,22.0,49.02,64.2
Wet-Waste-Biomass-Opt::pyrolysis::0188,train,31.39,3.39,0.35,43.4,63.78,14.73,12.99,15.77,300,120,10.0,34.96,18.31,40.59,51.41
Wet-Waste-Biomass-Opt::pyrolysis::0189,validation,31.39,3.39,0.35,43.4,63.78,14.73,12.99,15.77,400,60,10.0,37.51,21.53,51.21,62.29
Wet-Waste-Biomass-Opt::pyrolysis::0190,train,31.39,3.39,0.35,43.4,63.78,14.73,12.99,15.77,500,90,10.0,34.74,23.41,51.57,64.64
Wet-Waste-Biomass-Opt::pyrolysis::0191,validation,31.39,3.39,0.35,43.4,63.78,14.73,12.99,15.77,300,90,20.0,37.71,17.6,42.09,55.43
Wet-Waste-Biomass-Opt::pyrolysis::0192,test,31.39,3.39,0.35,43.4,63.78,14.73,12.99,15.77,400,120,20.0,36.16,21.11,48.4,62.85
Wet-Waste-Biomass-Opt::pyrolysis::0193,train,31.39,3.39,0.35,43.4,63.78,14.73,12.99,15.77,500,60,20.0,34.85,22.64,50.03,62.48
Wet-Waste-Biomass-Opt::pyrolysis::0194,validation,49.17,5.93,1.03,43.87,78.17,14.43,3.53,17.73,400,60,10.0,37.71,24.56,52.25,54.99
Wet-Waste-Biomass-Opt::pyrolysis::0195,test,49.17,5.93,1.03,43.87,78.17,14.43,3.53,17.73,500,60,10.0,34.02,24.03,46.1,52.25
Wet-Waste-Biomass-Opt::pyrolysis::0196,train,49.17,5.93,1.03,43.87,78.17,14.43,3.53,17.73,600,60,10.0,27.69,24.17,37.74,44.48
Wet-Waste-Biomass-Opt::pyrolysis::0197,train,49.17,5.93,1.03,43.87,78.17,14.43,3.53,17.73,700,60,10.0,27.03,24.61,37.53,44.86
Wet-Waste-Biomass-Opt::pyrolysis::0198,validation,59.6,8.9,5.9,23.9,60.9,11.7,27.4,24.8,450,30,10.0,49.5,28.8,57.48,53.32
Wet-Waste-Biomass-Opt::pyrolysis::0199,validation,53.5,7.1,2.1,36.8,73.6,19.3,7.1,22.4,450,30,10.0,38.6,31.8,54.8,58.87
Wet-Waste-Biomass-Opt::pyrolysis::0200,train,50.4,6.5,0.4,42.6,79.4,17.1,3.5,19.9,450,30,10.0,34.7,31.3,54.58,57.49
Wet-Waste-Biomass-Opt::pyrolysis::0201,train,59.6,8.9,5.9,23.9,60.9,11.7,27.4,24.8,550,30,10.0,45.0,28.9,52.44,50.13
Wet-Waste-Biomass-Opt::pyrolysis::0202,train,53.5,7.1,2.1,36.8,73.6,19.3,7.1,22.4,550,30,10.0,34.4,32.4,49.76,54.2
Wet-Waste-Biomass-Opt::pyrolysis::0203,train,50.4,6.5,0.4,42.6,79.4,17.1,3.5,19.9,550,30,10.0,30.2,33.3,50.54,53.87
Wet-Waste-Biomass-Opt::pyrolysis::0204,train,53.5,7.1,2.1,36.8,60.9,11.7,27.4,22.4,650,30,10.0,42.3,30.6,57.78,54.16
Wet-Waste-Biomass-Opt::pyrolysis::0205,train,50.4,6.5,0.4,42.6,73.6,19.3,7.1,19.9,650,30,10.0,31.1,32.1,50.17,52.7
Wet-Waste-Biomass-Opt::pyrolysis::0206,train,42.2,6.6,4.0,36.4,68.3,13.6,18.1,15.86,400,60,10.0,39.0,12.26,30.16,38.63
Wet-Waste-Biomass-Opt::pyrolysis::0207,train,42.2,6.6,4.0,36.4,68.3,13.6,18.1,15.86,500,60,10.0,37.0,12.6,29.39,36.65
Wet-Waste-Biomass-Opt::pyrolysis::0208,train,42.2,6.6,4.0,36.4,68.3,13.6,18.1,15.86,600,60,10.0,36.0,12.16,27.61,35.06
Wet-Waste-Biomass-Opt::pyrolysis::0209,train,42.2,6.6,4.0,36.4,68.3,13.6,18.1,15.86,700,60,10.0,34.0,13.66,29.28,35.37
Wet-Waste-Biomass-Opt::pyrolysis::0210,train,42.2,6.6,4.0,36.4,68.3,13.6,18.1,15.86,800,60,10.0,34.0,13.6,29.17,33.92
Wet-Waste-Biomass-Opt::pyrolysis::0211,validation,33.4,47.31,1.41,17.88,80.7,4.5,14.8,17.6,350,120,2.5,46.77,20.9,55.55,78.13
Wet-Waste-Biomass-Opt::pyrolysis::0212,train,33.4,47.31,1.41,17.88,80.7,4.5,14.8,17.6,700,120,8.33,29.82,18.97,32.14,50.59
Wet-Waste-Biomass-Opt::pyrolysis::0213,train,32.87,47.89,1.48,17.77,76.7,7.9,15.4,17.66,350,120,2.5,43.23,20.39,49.91,70.14
Wet-Waste-Biomass-Opt::pyrolysis::0214,test,32.87,47.89,1.48,17.77,76.7,7.9,15.4,17.66,700,120,8.33,27.24,17.23,26.58,43.44
Wet-Waste-Biomass-Opt::pyrolysis::0215,train,31.42,46.78,2.34,19.46,74.3,8.8,16.9,15.11,350,120,2.5,45.12,19.03,56.83,73.35
Wet-Waste-Biomass-Opt::pyrolysis::0216,test,31.42,46.78,2.34,19.46,74.3,8.8,16.9,15.11,700,120,8.33,30.5,14.75,29.77,44.56
Wet-Waste-Biomass-Opt::pyrolysis::0217,validation,33.25,50.57,2.47,13.71,73.6,5.6,20.9,19.39,350,120,2.5,49.28,21.12,53.68,76.34
Wet-Waste-Biomass-Opt::pyrolysis::0218,train,33.25,50.57,2.47,13.71,73.6,5.6,20.9,19.39,700,120,8.33,28.79,15.07,22.38,38.15
Wet-Waste-Biomass-Opt::pyrolysis::0219,train,31.97,47.79,2.32,17.92,74.0,5.7,20.3,15.48,350,120,2.5,46.31,17.28,51.69,71.39
Wet-Waste-Biomass-Opt::pyrolysis::0220,train,31.97,47.79,2.32,17.92,74.0,5.7,20.3,15.48,700,120,8.33,31.8,14.45,29.68,44.54
Wet-Waste-Biomass-Opt::pyrolysis::0221,train,48.12,6.48,1.89,43.51,78.71,18.01,3.28,18.79,400,60,10.0,26.6,31.28,44.29,44.03
Wet-Waste-Biomass-Opt::pyrolysis::0222,train,48.12,6.48,1.89,43.51,78.71,18.01,3.28,18.79,500,60,10.0,25.32,31.85,42.91,43.82
Wet-Waste-Biomass-Opt::pyrolysis::0223,validation,48.12,6.48,1.89,43.51,78.71,18.01,3.28,18.79,600,60,10.0,24.9,30.14,39.94,43.63
Wet-Waste-Biomass-Opt::pyrolysis::0224,train,48.12,6.48,1.89,43.51,78.71,18.01,3.28,18.79,300,60,15.0,77.3,22.64,93.14,107.97
Wet-Waste-Biomass-Opt::pyrolysis::0225,test,41.0,7.17,0.99,33.24,78.5,15.38,6.12,14.74,300,30,10.0,62.89,23.03,98.3,81.63
Wet-Waste-Biomass-Opt::pyrolysis::0226,train,41.0,7.17,0.99,33.24,78.5,15.38,6.12,14.74,400,30,10.0,41.58,24.26,68.45,58.91
Wet-Waste-Biomass-Opt::pyrolysis::0227,train,41.0,7.17,0.99,33.24,78.5,15.38,6.12,14.74,500,30,10.0,34.79,22.8,53.84,50.67
Wet-Waste-Biomass-Opt::pyrolysis::0228,validation,41.0,7.17,0.99,33.24,78.5,15.38,6.12,14.74,600,30,10.0,36.85,23.28,58.22,55.51
Wet-Waste-Biomass-Opt::pyrolysis::0229,train,41.0,7.17,0.99,33.24,78.5,15.38,6.12,14.74,700,30,10.0,32.62,21.81,48.29,47.74
Wet-Waste-Biomass-Opt::pyrolysis::0230,train,43.28,5.92,1.96,39.32,82.21,8.93,8.86,16.54,300,30,10.0,62.73,17.18,65.17,72.31
Wet-Waste-Biomass-Opt::pyrolysis::0231,train,43.28,5.92,1.96,39.32,82.21,8.93,8.86,16.54,350,30,10.0,46.6,20.4,57.48,59.35
Wet-Waste-Biomass-Opt::pyrolysis::0232,validation,43.28,5.92,1.96,39.32,82.21,8.93,8.86,16.54,400,30,10.0,41.08,22.58,56.09,54.57
Wet-Waste-Biomass-Opt::pyrolysis::0233,train,43.28,5.92,1.96,39.32,82.21,8.93,8.86,16.54,450,30,10.0,37.79,21.93,50.11,52.28
Wet-Waste-Biomass-Opt::pyrolysis::0234,train,43.28,5.92,1.96,39.32,82.21,8.93,8.86,16.54,500,30,10.0,35.86,22.97,49.81,51.35
Wet-Waste-Biomass-Opt::pyrolysis::0235,test,43.28,5.92,1.96,39.32,82.21,8.93,8.86,16.54,550,30,10.0,35.02,22.83,48.35,50.27
Wet-Waste-Biomass-Opt::pyrolysis::0236,train,43.28,5.92,1.96,39.32,82.21,8.93,8.86,16.54,600,30,10.0,35.79,23.13,50.07,52.95
Wet-Waste-Biomass-Opt::pyrolysis::0237,train,51.71,5.32,0.33,42.64,80.23,17.4,2.37,21.02,500,60,10.0,24.5,32.08,37.39,40.55
Wet-Waste-Biomass-Opt::pyrolysis::0238,test,61.57,4.37,1.02,33.04,70.24,23.18,6.58,26.59,500,60,10.0,38.7,31.45,45.78,53.08
Wet-Waste-Biomass-Opt::pyrolysis::0239,validation,47.75,5.61,0.9,45.51,80.85,11.1,8.05,18.89,200,20,15.0,83.11,8.19,36.01,87.76
Wet-Waste-Biomass-Opt::pyrolysis::0240,test,47.75,5.61,0.9,45.51,80.85,11.1,8.05,18.89,225,20,15.0,80.13,8.39,35.57,86.98
Wet-Waste-Biomass-Opt::pyrolysis::0241,train,47.75,5.61,0.9,45.51,80.85,11.1,8.05,18.89,250,20,15.0,69.19,9.73,35.65,77.91
Wet-Waste-Biomass-Opt::pyrolysis::0242,train,47.75,5.61,0.9,45.51,80.85,11.1,8.05,18.89,275,20,15.0,63.87,13.81,46.69,77.69
Wet-Waste-Biomass-Opt::pyrolysis::0243,validation,47.75,5.61,0.9,45.51,80.85,11.1,8.05,18.89,300,20,15.0,55.65,15.55,45.79,71.54
Wet-Waste-Biomass-Opt::pyrolysis::0244,train,47.75,5.61,0.9,45.51,80.85,11.1,8.05,18.89,330,20,15.0,50.21,19.81,52.65,68.73
Wet-Waste-Biomass-Opt::pyrolysis::0245,train,41.4,5.6,0.0,53.1,78.44,15.0,6.56,15.54,350,20,5.0,38.9,31.12,77.9,66.6
Wet-Waste-Biomass-Opt::pyrolysis::0246,train,41.4,5.6,0.0,53.1,78.44,15.0,6.56,15.54,450,20,5.0,31.2,39.79,79.9,62.63
Wet-Waste-Biomass-Opt::pyrolysis::0247,train,41.4,5.6,0.0,53.1,78.44,15.0,6.56,15.54,550,20,5.0,30.1,34.71,67.24,62.68
Wet-Waste-Biomass-Opt::pyrolysis::0248,validation,41.4,5.6,0.0,53.1,78.44,15.0,6.56,15.54,650,20,5.0,29.5,39.16,74.34,66.98
Wet-Waste-Biomass-Opt::pyrolysis::0249,train,42.95,5.64,0.76,40.51,80.7,9.93,9.37,16.39,300,30,10.0,69.7,16.23,69.03,85.02
Wet-Waste-Biomass-Opt::pyrolysis::0250,train,42.95,5.64,0.76,40.51,80.7,9.93,9.37,16.39,350,30,10.0,49.11,20.47,61.34,64.17
Wet-Waste-Biomass-Opt::pyrolysis::0251,train,42.95,5.64,0.76,40.51,80.7,9.93,9.37,16.39,400,30,10.0,40.13,23.51,57.57,56.88
Wet-Waste-Biomass-Opt::pyrolysis::0252,validation,42.95,5.64,0.76,40.51,80.7,9.93,9.37,16.39,450,30,10.0,37.56,23.71,54.36,54.72
Wet-Waste-Biomass-Opt::pyrolysis::0253,test,42.95,5.64,0.76,40.51,80.7,9.93,9.37,16.39,500,30,10.0,34.06,23.22,48.26,50.85
Wet-Waste-Biomass-Opt::pyrolysis::0254,validation,42.95,5.64,0.76,40.51,80.7,9.93,9.37,16.39,550,30,10.0,33.52,23.24,47.54,50.8
Wet-Waste-Biomass-Opt::pyrolysis::0255,train,42.95,5.64,0.76,40.51,80.7,9.93,9.37,16.39,600,30,10.0,33.64,23.98,49.22,51.8
Wet-Waste-Biomass-Opt::pyrolysis::0256,test,37.83,10.18,1.31,36.74,75.66,15.12,9.23,11.82,300,30,10.0,62.21,24.45,128.68,78.13
Wet-Waste-Biomass-Opt::pyrolysis::0257,train,37.83,10.18,1.31,36.74,75.66,15.12,9.23,11.82,400,30,10.0,40.0,29.78,100.77,62.11
Wet-Waste-Biomass-Opt::pyrolysis::0258,train,37.83,10.18,1.31,36.74,75.66,15.12,9.23,11.82,500,30,10.0,36.56,27.16,84.0,59.41
Wet-Waste-Biomass-Opt::pyrolysis::0259,train,37.83,10.18,1.31,36.74,75.66,15.12,9.23,11.82,600,30,10.0,32.65,25.95,71.67,56.26
Wet-Waste-Biomass-Opt::pyrolysis::0260,train,37.83,10.18,1.31,36.74,75.66,15.12,9.23,11.82,700,30,10.0,30.98,25.95,68.01,53.55
Wet-Waste-Biomass-Opt::pyrolysis::0261,test,40.06,5.47,0.69,40.23,76.87,10.06,13.07,14.96,300,30,10.0,74.49,12.7,63.24,82.04
Wet-Waste-Biomass-Opt::pyrolysis::0262,train,40.06,5.47,0.69,40.23,76.87,10.06,13.07,14.96,350,30,10.0,53.68,17.58,63.08,66.09
Wet-Waste-Biomass-Opt::pyrolysis::0263,train,40.06,5.47,0.69,40.23,76.87,10.06,13.07,14.96,400,30,10.0,43.73,20.12,58.82,56.2
Wet-Waste-Biomass-Opt::pyrolysis::0264,train,40.06,5.47,0.69,40.23,76.87,10.06,13.07,14.96,450,30,10.0,39.98,19.31,51.62,51.35
Wet-Waste-Biomass-Opt::pyrolysis::0265,train,40.06,5.47,0.69,40.23,76.87,10.06,13.07,14.96,500,30,10.0,37.5,19.6,49.13,48.27
Wet-Waste-Biomass-Opt::pyrolysis::0266,test,40.06,5.47,0.69,40.23,76.87,10.06,13.07,14.96,550,30,10.0,36.64,20.67,50.62,50.18
Wet-Waste-Biomass-Opt::pyrolysis::0267,train,40.06,5.47,0.69,40.23,76.87,10.06,13.07,14.96,600,30,10.0,35.59,21.0,49.96,48.92
Wet-Waste-Biomass-Opt::pyrolysis::0268,train,40.06,5.47,0.69,40.23,76.86,10.16,12.98,14.96,300,30,10.0,74.32,12.42,61.71,83.86
Wet-Waste-Biomass-Opt::pyrolysis::0269,train,40.06,5.47,0.69,40.23,76.86,10.16,12.98,14.96,350,30,10.0,45.39,17.43,52.87,55.95
Wet-Waste-Biomass-Opt::pyrolysis::0270,train,40.06,5.47,0.69,40.23,76.86,10.16,12.98,14.96,400,30,10.0,43.21,20.18,58.3,55.97
Wet-Waste-Biomass-Opt::pyrolysis::0271,test,40.06,5.47,0.69,40.23,76.86,10.16,12.98,14.96,450,30,10.0,38.88,19.49,50.66,50.69
Wet-Waste-Biomass-Opt::pyrolysis::0272,test,40.06,5.47,0.69,40.23,76.86,10.16,12.98,14.96,500,30,10.0,37.21,19.96,49.63,48.19
Wet-Waste-Biomass-Opt::pyrolysis::0273,train,40.06,5.47,0.69,40.23,76.86,10.16,12.98,14.96,550,30,10.0,36.69,20.51,50.31,50.35
Wet-Waste-Biomass-Opt::pyrolysis::0274,test,40.06,5.47,0.69,40.23,76.86,10.16,12.98,14.96,600,30,10.0,36.88,21.05,51.88,51.36
Wet-Waste-Biomass-Opt::pyrolysis::0275,train,38.62,6.1,1.6,32.88,71.94,13.43,14.63,14.02,300,30,10.0,72.32,22.71,117.17,90.5
Wet-Waste-Biomass-Opt::pyrolysis::0276,train,38.62,6.1,1.6,32.88,71.94,13.43,14.63,14.02,400,30,10.0,44.56,22.51,71.55,62.63
Wet-Waste-Biomass-Opt::pyrolysis::0277,test,38.62,6.1,1.6,32.88,71.94,13.43,14.63,14.02,500,30,10.0,39.15,23.2,64.77,55.06
Wet-Waste-Biomass-Opt::pyrolysis::0278,train,38.62,6.1,1.6,32.88,71.94,13.43,14.63,14.02,600,30,10.0,37.89,22.06,59.63,55.78
Wet-Waste-Biomass-Opt::pyrolysis::0279,validation,38.62,6.1,1.6,32.88,71.94,13.43,14.63,14.02,700,30,10.0,36.12,21.19,54.59,51.7
Wet-Waste-Biomass-Opt::pyrolysis::0280,train,49.5,5.9,0.0,44.7,75.62,22.31,2.07,19.6,350,20,5.0,48.7,21.75,54.05,68.51
Wet-Waste-Biomass-Opt::pyrolysis::0281,train,49.5,5.9,0.0,44.7,75.62,22.31,2.07,19.6,450,20,5.0,36.6,27.22,50.83,59.05
Wet-Waste-Biomass-Opt::pyrolysis::0282,test,49.5,5.9,0.0,44.7,75.62,22.31,2.07,19.6,550,20,5.0,33.2,32.07,54.33,60.32
Wet-Waste-Biomass-Opt::pyrolysis::0283,train,49.5,5.9,0.0,44.7,75.62,22.31,2.07,19.6,650,20,5.0,29.1,35.37,52.52,55.62
Wet-Waste-Biomass-Opt::pyrolysis::0284,train,49.1,5.55,0.45,44.9,82.75,16.72,0.53,19.58,400,30,20.0,27.02,39.79,54.9,42.82
Wet-Waste-Biomass-Opt::pyrolysis::0285,validation,49.1,5.55,0.45,44.9,82.75,16.72,0.53,19.58,500,30,20.0,25.98,36.55,48.51,43.87
Wet-Waste-Biomass-Opt::pyrolysis::0286,train,49.1,5.55,0.45,44.9,82.75,16.72,0.53,19.58,600,30,20.0,23.12,36.0,42.51,41.87
Wet-Waste-Biomass-Opt::pyrolysis::0287,test,49.1,5.55,0.45,44.9,82.75,16.72,0.53,19.58,700,30,20.0,22.08,35.29,39.8,40.46
Wet-Waste-Biomass-Opt::pyrolysis::0288,train,49.1,5.55,0.45,44.9,82.75,16.72,0.53,19.58,800,30,20.0,20.78,33.8,35.87,39.02
Wet-Waste-Biomass-Opt::pyrolysis::0289,test,48.15,6.7,1.35,43.6,85.45,13.15,1.4,18.67,200,20,15.0,91.0,16.54,80.61,96.69
Wet-Waste-Biomass-Opt::pyrolysis::0290,train,48.15,6.7,1.35,43.6,85.45,13.15,1.4,18.67,225,20,15.0,89.17,16.99,81.17,95.82
Wet-Waste-Biomass-Opt::pyrolysis::0291,train,48.15,6.7,1.35,43.6,85.45,13.15,1.4,18.67,250,20,15.0,79.19,16.38,69.49,85.52
Wet-Waste-Biomass-Opt::pyrolysis::0292,validation,48.15,6.7,1.35,43.6,85.45,13.15,1.4,18.67,275,20,15.0,72.0,17.41,67.17,79.81
Wet-Waste-Biomass-Opt::pyrolysis::0293,validation,48.15,6.7,1.35,43.6,85.45,13.15,1.4,18.67,300,20,15.0,65.16,19.21,67.05,75.13
Wet-Waste-Biomass-Opt::pyrolysis::0294,test,48.15,6.7,1.35,43.6,85.45,13.15,1.4,18.67,330,20,15.0,61.42,22.43,73.81,76.36
Wet-Waste-Biomass-Opt::pyrolysis::0295,train,50.21,5.63,1.23,42.93,82.72,16.05,1.23,20.18,300,10,10.0,49.3,21.62,52.8,67.32
Wet-Waste-Biomass-Opt::pyrolysis::0296,train,50.21,5.63,1.23,42.93,82.72,16.05,1.23,20.18,400,10,10.0,30.7,25.81,39.26,45.64
Wet-Waste-Biomass-Opt::pyrolysis::0297,test,50.21,5.63,1.23,42.93,82.72,16.05,1.23,20.18,500,10,10.0,26.0,26.75,34.45,40.97
Wet-Waste-Biomass-Opt::pyrolysis::0298,train,50.21,5.63,1.23,42.93,82.72,16.05,1.23,20.18,600,10,10.0,24.3,28.56,34.38,40.63
Wet-Waste-Biomass-Opt::pyrolysis::0299,test,50.21,5.63,1.23,42.93,82.72,16.05,1.23,20.18,700,10,10.0,23.6,30.91,36.14,41.52
Wet-Waste-Biomass-Opt::pyrolysis::0300,train,47.66,6.18,0.15,46.01,81.26,17.14,1.6,18.54,200,60,10.0,95.89,9.19,47.51,97.7
Wet-Waste-Biomass-Opt::pyrolysis::0301,test,47.66,6.18,0.15,46.01,81.26,17.14,1.6,18.54,300,60,10.0,46.67,22.58,56.85,61.75
Wet-Waste-Biomass-Opt::pyrolysis::0302,train,47.66,6.18,0.15,46.01,81.26,17.14,1.6,18.54,400,60,10.0,33.07,27.89,49.76,51.83
Wet-Waste-Biomass-Opt::pyrolysis::0303,train,47.66,6.18,0.15,46.01,81.26,17.14,1.6,18.54,500,60,10.0,29.43,32.54,51.66,51.99
Wet-Waste-Biomass-Opt::pyrolysis::0304,train,47.66,6.18,0.15,46.01,81.26,17.14,1.6,18.54,600,60,10.0,27.84,31.89,47.9,50.48
Wet-Waste-Biomass-Opt::pyrolysis::0305,train,47.66,6.18,0.15,46.01,81.26,17.14,1.6,18.54,700,60,10.0,27.1,31.36,45.85,50.12
Wet-Waste-Biomass-Opt::pyrolysis::0306,test,47.66,6.18,0.15,46.01,81.26,17.14,1.6,18.54,800,60,10.0,26.3,31.8,45.11,49.46
Wet-Waste-Biomass-Opt::pyrolysis::0307,train,42.62,6.36,2.08,44.78,68.2,27.8,4.0,16.02,250,30,5.0,72.1,20.85,93.85,89.58
Wet-Waste-Biomass-Opt::pyrolysis::0308,validation,42.62,6.36,2.08,44.78,68.2,27.8,4.0,16.02,300,30,5.0,51.1,23.71,75.66,68.14
Wet-Waste-Biomass-Opt::pyrolysis::0309,train,42.62,6.36,2.08,44.78,68.2,27.8,4.0,16.02,350,30,5.0,43.2,27.95,75.39,65.81
Wet-Waste-Biomass-Opt::pyrolysis::0310,train,42.62,6.36,2.08,44.78,68.2,27.8,4.0,16.02,500,30,5.0,30.6,23.53,44.97,45.79
Wet-Waste-Biomass-Opt::pyrolysis::0311,train,42.62,6.36,2.08,44.78,68.2,27.8,4.0,16.02,600,30,5.0,27.6,24.96,43.02,44.07
Wet-Waste-Biomass-Opt::pyrolysis::0312,train,45.92,6.21,6.9,40.09,75.28,17.67,7.05,18.19,400,30,5.0,38.4,47.79,100.88,53.56
Wet-Waste-Biomass-Opt::pyrolysis::0313,train,45.92,6.21,6.9,40.09,75.28,17.67,7.05,18.19,450,30,5.0,34.66,48.57,92.55,48.5
Wet-Waste-Biomass-Opt::pyrolysis::0314,train,45.92,6.21,6.9,40.09,75.28,17.67,7.05,18.19,500,30,5.0,33.23,51.71,94.46,48.34
Wet-Waste-Biomass-Opt::pyrolysis::0315,test,39.7,7.63,1.13,38.8,76.26,16.12,7.63,13.88,300,30,10.0,69.35,29.05,145.19,91.95
Wet-Waste-Biomass-Opt::pyrolysis::0316,validation,39.7,7.63,1.13,38.8,76.26,16.12,7.63,13.88,400,30,10.0,38.66,31.25,87.08,64.16
Wet-Waste-Biomass-Opt::pyrolysis::0317,validation,39.7,7.63,1.13,38.8,76.26,16.12,7.63,13.88,500,30,10.0,33.18,28.39,67.89,59.92
Wet-Waste-Biomass-Opt::pyrolysis::0318,train,39.7,7.63,1.13,38.8,76.26,16.12,7.63,13.88,600,30,10.0,32.96,26.25,62.35,58.88
Wet-Waste-Biomass-Opt::pyrolysis::0319,validation,39.7,7.63,1.13,38.8,76.26,16.12,7.63,13.88,700,30,10.0,17.68,25.14,32.03,31.53
Wet-Waste-Biomass-Opt::pyrolysis::0320,test,43.92,5.92,0.49,42.54,86.09,7.49,6.42,16.74,300,30,10.0,68.22,16.99,69.23,80.49
Wet-Waste-Biomass-Opt::pyrolysis::0321,train,43.92,5.92,0.49,42.54,86.09,7.49,6.42,16.74,350,30,10.0,42.61,24.03,61.15,59.21
Wet-Waste-Biomass-Opt::pyrolysis::0322,train,43.92,5.92,0.49,42.54,86.09,7.49,6.42,16.74,400,30,10.0,38.29,26.02,59.5,56.68
Wet-Waste-Biomass-Opt::pyrolysis::0323,train,43.92,5.92,0.49,42.54,86.09,7.49,6.42,16.74,450,30,10.0,35.46,26.67,56.48,54.01
Wet-Waste-Biomass-Opt::pyrolysis::0324,train,43.92,5.92,0.49,42.54,86.09,7.49,6.42,16.74,500,30,10.0,32.68,25.46,49.69,49.95
Wet-Waste-Biomass-Opt::pyrolysis::0325,train,43.92,5.92,0.49,42.54,86.09,7.49,6.42,16.74,550,30,10.0,31.92,26.42,50.36,50.94
Wet-Waste-Biomass-Opt::pyrolysis::0326,validation,43.92,5.92,0.49,42.54,86.09,7.49,6.42,16.74,600,30,10.0,32.5,26.6,51.62,53.29
Wet-Waste-Biomass-Opt::pyrolysis::0327,train,36.71,7.77,1.19,41.55,77.67,17.96,4.38,12.27,300,30,10.0,75.72,13.25,81.72,106.35
Wet-Waste-Biomass-Opt::pyrolysis::0328,validation,36.71,7.77,1.19,41.55,77.67,17.96,4.38,12.27,400,30,10.0,42.73,24.0,83.55,74.13
Wet-Waste-Biomass-Opt::pyrolysis::0329,validation,36.71,7.77,1.19,41.55,77.67,17.96,4.38,12.27,500,30,10.0,39.97,24.7,80.42,75.24
Wet-Waste-Biomass-Opt::pyrolysis::0330,train,36.71,7.77,1.19,41.55,77.67,17.96,4.38,12.27,600,30,10.0,36.68,25.21,75.34,70.73
Wet-Waste-Biomass-Opt::pyrolysis::0331,train,36.71,7.77,1.19,41.55,77.67,17.96,4.38,12.27,700,30,10.0,33.12,23.7,63.94,59.24
Wet-Waste-Biomass-Opt::pyrolysis::0332,validation,43.95,5.81,1.12,41.12,82.38,10.17,7.45,16.86,300,30,10.0,72.85,13.6,58.77,81.04
Wet-Waste-Biomass-Opt::pyrolysis::0333,train,43.95,5.81,1.12,41.12,82.38,10.17,7.45,16.86,350,30,10.0,50.92,22.29,67.33,66.28
Wet-Waste-Biomass-Opt::pyrolysis::0334,validation,43.95,5.81,1.12,41.12,82.38,10.17,7.45,16.86,400,30,10.0,42.82,23.56,59.83,59.77
Wet-Waste-Biomass-Opt::pyrolysis::0335,train,43.95,5.81,1.12,41.12,82.38,10.17,7.45,16.86,450,30,10.0,36.65,24.2,52.61,52.02
Wet-Waste-Biomass-Opt::pyrolysis::0336,test,43.95,5.81,1.12,41.12,82.38,10.17,7.45,16.86,500,30,10.0,34.98,24.74,51.33,51.83
Wet-Waste-Biomass-Opt::pyrolysis::0337,train,43.95,5.81,1.12,41.12,82.38,10.17,7.45,16.86,550,30,10.0,35.96,25.0,53.33,54.71
Wet-Waste-Biomass-Opt::pyrolysis::0338,test,43.95,5.81,1.12,41.12,82.38,10.17,7.45,16.86,600,30,10.0,35.67,25.21,53.33,54.79
Wet-Waste-Biomass-Opt::pyrolysis::0339,train,43.95,5.81,1.12,41.12,82.63,9.98,7.39,16.86,300,30,10.0,73.82,13.41,58.71,82.13
Wet-Waste-Biomass-Opt::pyrolysis::0340,train,43.95,5.81,1.12,41.12,82.63,9.98,7.39,16.86,350,30,10.0,45.72,22.46,60.9,59.48
Wet-Waste-Biomass-Opt::pyrolysis::0341,train,43.95,5.81,1.12,41.12,82.63,9.98,7.39,16.86,400,30,10.0,40.52,23.6,56.7,56.53
Wet-Waste-Biomass-Opt::pyrolysis::0342,train,43.95,5.81,1.12,41.12,82.63,9.98,7.39,16.86,450,30,10.0,38.32,24.36,55.37,54.41
Wet-Waste-Biomass-Opt::pyrolysis::0343,train,43.95,5.81,1.12,41.12,82.63,9.98,7.39,16.86,500,30,10.0,36.01,24.83,53.03,53.38
Wet-Waste-Biomass-Opt::pyrolysis::0344,train,43.95,5.81,1.12,41.12,82.63,9.98,7.39,16.86,550,30,10.0,34.98,25.05,51.98,53.25
Wet-Waste-Biomass-Opt::pyrolysis::0345,train,43.95,5.81,1.12,41.12,82.63,9.98,7.39,16.86,600,30,10.0,35.89,25.16,53.56,55.1
Wet-Waste-Biomass-Opt::pyrolysis::0346,train,55.82,5.62,0.84,37.73,75.82,20.32,3.86,23.06,500,60,10.0,32.2,33.72,47.09,50.68
Wet-Waste-Biomass-Opt::pyrolysis::0347,train,50.52,5.81,0.23,43.44,87.83,11.73,0.44,20.18,500,60,10.0,22.3,33.71,37.25,39.42
Wet-Waste-Biomass-Opt::pyrolysis::0348,train,53.42,6.12,1.4,39.06,76.56,18.0,5.44,21.65,500,60,10.0,31.9,32.6,48.05,50.66
Wet-Waste-Biomass-Opt::pyrolysis::0349,train,40.8,4.1,3.9,42.0,84.56,5.59,9.86,16.21,300,30,5.0,52.3,24.13,77.89,66.27
Wet-Waste-Biomass-Opt::pyrolysis::0350,train,40.8,4.1,3.9,42.0,84.56,5.59,9.86,16.21,400,30,5.0,33.8,26.6,55.47,44.32
Wet-Waste-Biomass-Opt::pyrolysis::0351,train,40.8,4.1,3.9,42.0,84.56,5.59,9.86,16.21,500,30,5.0,32.6,25.81,51.93,45.54
Wet-Waste-Biomass-Opt::pyrolysis::0352,test,40.8,4.1,3.9,42.0,84.56,5.59,9.86,16.21,600,30,5.0,30.3,25.78,48.2,43.37
Wet-Waste-Biomass-Opt::pyrolysis::0353,test,42.5,5.1,2.2,40.5,85.71,4.33,9.96,16.51,600,60,5.0,28.8,30.63,53.43,43.03
Wet-Waste-Biomass-Opt::pyrolysis::0354,train,43.2,5.5,0.2,45.7,87.05,7.22,5.73,16.53,600,60,5.0,29.1,31.05,54.66,45.13
Wet-Waste-Biomass-Opt::pyrolysis::0355,train,42.0,5.5,0.1,44.9,77.28,15.32,7.41,15.9,350,10,5.0,42.1,22.86,60.53,61.55
Wet-Waste-Biomass-Opt::pyrolysis::0356,train,42.0,5.5,0.1,44.9,77.28,15.32,7.41,15.9,650,10,5.0,31.2,25.22,49.48,52.82
Wet-Waste-Biomass-Opt::pyrolysis::0357,train,40.86,5.27,1.03,48.07,70.9,24.8,4.3,15.49,250,30,5.0,71.2,13.37,61.46,88.52
Wet-Waste-Biomass-Opt::pyrolysis::0358,train,40.86,5.27,1.03,48.07,70.9,24.8,4.3,15.49,300,30,5.0,58.6,17.13,64.82,81.75
Wet-Waste-Biomass-Opt::pyrolysis::0359,train,40.86,5.27,1.03,48.07,70.9,24.8,4.3,15.49,350,30,5.0,41.2,24.12,64.16,65.24
Wet-Waste-Biomass-Opt::pyrolysis::0360,train,40.86,5.27,1.03,48.07,70.9,24.8,4.3,15.49,500,30,5.0,33.5,27.49,59.46,58.45
Wet-Waste-Biomass-Opt::pyrolysis::0361,train,40.86,5.27,1.03,48.07,70.9,24.8,4.3,15.49,600,30,5.0,29.6,25.96,49.6,52.34
Wet-Waste-Biomass-Opt::pyrolysis::0362,train,35.7,5.27,9.61,40.98,68.3,23.5,8.2,13.54,250,30,5.0,65.1,20.1,96.63,95.37
Wet-Waste-Biomass-Opt::pyrolysis::0363,validation,35.7,5.27,9.61,40.98,68.3,23.5,8.2,13.54,300,30,5.0,49.8,18.25,67.12,74.73
Wet-Waste-Biomass-Opt::pyrolysis::0364,train,35.7,5.27,9.61,40.98,68.3,23.5,8.2,13.54,350,30,5.0,40.5,21.83,65.29,64.66
Wet-Waste-Biomass-Opt::pyrolysis::0365,test,35.7,5.27,9.61,40.98,68.3,23.5,8.2,13.54,500,30,5.0,33.3,22.56,55.47,56.29
Wet-Waste-Biomass-Opt::pyrolysis::0366,validation,35.7,5.27,9.61,40.98,68.3,23.5,8.2,13.54,600,30,5.0,31.1,21.5,49.37,49.31
Wet-Waste-Biomass-Opt::pyrolysis::0367,validation,51.88,6.21,0.16,41.76,84.75,15.09,0.16,20.71,350,60,10.0,32.7,33.6,53.07,47.74
Wet-Waste-Biomass-Opt::pyrolysis::0368,train,51.88,6.21,0.16,41.76,84.75,15.09,0.16,20.71,400,60,10.0,27.9,33.47,45.1,41.87
Wet-Waste-Biomass-Opt::pyrolysis::0369,train,51.88,6.21,0.16,41.76,84.75,15.09,0.16,20.71,500,60,10.0,23.3,35.16,39.57,38.53
Wet-Waste-Biomass-Opt::pyrolysis::0370,train,51.88,6.21,0.16,41.76,84.75,15.09,0.16,20.71,600,60,10.0,20.7,35.86,35.85,36.53
