sample_id,dataset_scope,data_tier,row_origin,recommended_split,recommended_sample_weight,recommended_ml_use,source_repo,source_file,source_dataset_kind,reference_label,pathway,feedstock_name,feedstock_group,manure_subtype,blend_manure_ratio,blend_wet_waste_ratio,feedstock_carbon_pct,feedstock_hydrogen_pct,feedstock_nitrogen_pct,feedstock_oxygen_pct,feedstock_moisture_pct,feedstock_volatile_matter_pct,feedstock_fixed_carbon_pct,feedstock_ash_pct,process_temperature_c,residence_time_min,product_char_yield_pct,product_char_hhv_mj_per_kg,energy_recovery_pct,carbon_retention_pct
Wet-Waste-Biomass-Opt::htc::0001,paper1_htc_scope,observed_single_feed,observed,validation,1.0,benchmark_trainable,Wet-Waste-Biomass-Opt,HTC_data.csv,literature_experiment,"(Su et al., 2021)",htc,Food waste,food_waste,,0.0,1.0,44.06,6.25,4.2,32.18,90.1,80.3,5.1,13.01,210.0,30.0,45.4,21.13,50.07,48.35
Wet-Waste-Biomass-Opt::htc::0002,paper1_htc_scope,observed_single_feed,observed,train,1.0,benchmark_trainable,Wet-Waste-Biomass-Opt,HTC_data.csv,literature_experiment,"(Su et al., 2021)",htc,Food waste,food_waste,,0.0,1.0,44.06,6.25,4.2,32.18,90.1,80.3,5.1,13.01,240.0,30.0,37.5,21.24,41.57,40.01
Wet-Waste-Biomass-Opt::htc::0003,paper1_htc_scope,observed_single_feed,observed,test,1.0,benchmark_trainable,Wet-Waste-Biomass-Opt,HTC_data.csv,literature_experiment,"(Su et al., 2021)",htc,Food waste,food_waste,,0.0,1.0,44.06,6.25,4.2,32.18,90.1,80.3,5.1,13.01,270.0,30.0,36.4,20.97,39.84,38.93
Wet-Waste-Biomass-Opt::htc::0004,paper1_htc_scope,observed_single_feed,observed,test,1.0,benchmark_trainable,Wet-Waste-Biomass-Opt,HTC_data.csv,literature_experiment,"(Su et al., 2021)",htc,Food waste,food_waste,,0.0,1.0,44.06,6.25,4.2,32.18,90.1,80.3,5.1,13.01,270.0,60.0,34.8,22.32,40.54,38.83
Wet-Waste-Biomass-Opt::htc::0005,paper1_htc_scope,observed_single_feed,observed,train,1.0,benchmark_trainable,Wet-Waste-Biomass-Opt,HTC_data.csv,literature_experiment,"(Su et al., 2021)",htc,Food waste,food_waste,,0.0,1.0,44.06,6.25,4.2,32.18,90.1,80.3,5.1,13.01,270.0,90.0,34.3,24.07,43.09,40.34
Wet-Waste-Biomass-Opt::htc::0099,paper1_htc_scope,observed_single_feed,observed,train,1.0,benchmark_trainable,Wet-Waste-Biomass-Opt,HTC_data.csv,literature_experiment,"(McGaughy and Toufiq Reza, 2018)",htc,Food waste,food_waste,,0.0,1.0,53.86,3.02,7.55,17.17,90.25,78.62,2.98,18.4,200.0,30.0,75.0,25.18,97.03,90.4
Wet-Waste-Biomass-Opt::htc::0100,paper1_htc_scope,observed_single_feed,observed,train,1.0,benchmark_trainable,Wet-Waste-Biomass-Opt,HTC_data.csv,literature_experiment,"(McGaughy and Toufiq Reza, 2018)",htc,Food waste,food_waste,,0.0,1.0,53.86,3.02,7.55,17.17,90.25,78.62,2.98,18.4,230.0,30.0,74.5,27.24,104.28,94.75
Wet-Waste-Biomass-Opt::htc::0101,paper1_htc_scope,observed_single_feed,observed,validation,1.0,benchmark_trainable,Wet-Waste-Biomass-Opt,HTC_data.csv,literature_experiment,"(McGaughy and Toufiq Reza, 2018)",htc,Food waste,food_waste,,0.0,1.0,53.86,3.02,7.55,17.17,90.25,78.62,2.98,18.4,260.0,30.0,68.5,28.6,100.67,89.7
Wet-Waste-Biomass-Opt::htc::0102,paper1_htc_scope,observed_single_feed,observed,train,1.0,benchmark_trainable,Wet-Waste-Biomass-Opt,HTC_data.csv,literature_experiment,"(Zhang et al., 2018)",htc,Food waste,food_waste,,0.0,1.0,43.53,6.2,1.23,47.49,92.0,83.64,14.81,1.55,190.0,15.0,36.0,23.36,55.7,51.65
Wet-Waste-Biomass-Opt::htc::0103,paper1_htc_scope,observed_single_feed,observed,train,1.0,benchmark_trainable,Wet-Waste-Biomass-Opt,HTC_data.csv,literature_experiment,"(Zhang et al., 2018)",htc,Food waste,food_waste,,0.0,1.0,43.53,6.2,1.23,47.49,92.0,83.64,14.81,1.55,225.0,15.0,36.0,24.07,57.38,53.09
Wet-Waste-Biomass-Opt::htc::0104,paper1_htc_scope,observed_single_feed,observed,train,1.0,benchmark_trainable,Wet-Waste-Biomass-Opt,HTC_data.csv,literature_experiment,"(Zhang et al., 2018)",htc,Food waste,food_waste,,0.0,1.0,43.53,6.2,1.23,47.49,92.0,83.64,14.81,1.55,260.0,15.0,39.0,24.98,64.52,59.86
Wet-Waste-Biomass-Opt::htc::0105,paper1_htc_scope,observed_single_feed,observed,train,1.0,benchmark_trainable,Wet-Waste-Biomass-Opt,HTC_data.csv,literature_experiment,"(Zhang et al., 2018)",htc,Food waste,food_waste,,0.0,1.0,47.94,6.66,1.96,40.97,92.0,81.65,15.88,2.47,190.0,15.0,27.0,23.05,33.82,31.48
Wet-Waste-Biomass-Opt::htc::0106,paper1_htc_scope,observed_single_feed,observed,train,1.0,benchmark_trainable,Wet-Waste-Biomass-Opt,HTC_data.csv,literature_experiment,"(Zhang et al., 2018)",htc,Food waste,food_waste,,0.0,1.0,47.94,6.66,1.96,40.97,92.0,81.65,15.88,2.47,225.0,15.0,27.0,25.91,38.01,34.97
Wet-Waste-Biomass-Opt::htc::0107,paper1_htc_scope,observed_single_feed,observed,validation,1.0,benchmark_trainable,Wet-Waste-Biomass-Opt,HTC_data.csv,literature_experiment,"(Zhang et al., 2018)",htc,Food waste,food_waste,,0.0,1.0,47.94,6.66,1.96,40.97,92.0,81.65,15.88,2.47,260.0,15.0,27.0,28.89,42.38,38.01
Wet-Waste-Biomass-Opt::htc::0108,paper1_htc_scope,observed_single_feed,observed,train,1.0,benchmark_trainable,Wet-Waste-Biomass-Opt,HTC_data.csv,literature_experiment,"(Zhang et al., 2018)",htc,Food waste,food_waste,,0.0,1.0,44.15,6.44,0.62,46.79,92.0,83.14,14.86,2.0,190.0,15.0,36.0,20.38,46.51,43.94
Wet-Waste-Biomass-Opt::htc::0109,paper1_htc_scope,observed_single_feed,observed,train,1.0,benchmark_trainable,Wet-Waste-Biomass-Opt,HTC_data.csv,literature_experiment,"(Zhang et al., 2018)",htc,Food waste,food_waste,,0.0,1.0,44.15,6.44,0.62,46.79,92.0,83.14,14.86,2.0,225.0,15.0,28.0,24.15,42.87,38.83
Wet-Waste-Biomass-Opt::htc::0110,paper1_htc_scope,observed_single_feed,observed,validation,1.0,benchmark_trainable,Wet-Waste-Biomass-Opt,HTC_data.csv,literature_experiment,"(Zhang et al., 2018)",htc,Food waste,food_waste,,0.0,1.0,44.15,6.44,0.62,46.79,92.0,83.14,14.86,2.0,260.0,15.0,30.0,25.42,48.33,44.1
Wet-Waste-Biomass-Opt::htc::0111,paper1_htc_scope,observed_single_feed,observed,validation,1.0,benchmark_trainable,Wet-Waste-Biomass-Opt,HTC_data.csv,literature_experiment,"(Zhang et al., 2018)",htc,Food waste,food_waste,,0.0,1.0,44.14,6.18,1.27,41.91,92.0,76.22,17.28,6.5,190.0,15.0,38.0,20.53,47.95,47.98
Wet-Waste-Biomass-Opt::htc::0112,paper1_htc_scope,observed_single_feed,observed,test,1.0,benchmark_trainable,Wet-Waste-Biomass-Opt,HTC_data.csv,literature_experiment,"(Zhang et al., 2018)",htc,Food waste,food_waste,,0.0,1.0,44.14,6.18,1.27,41.91,92.0,76.22,17.28,6.5,225.0,15.0,40.0,22.8,56.06,55.7
Wet-Waste-Biomass-Opt::htc::0113,paper1_htc_scope,observed_single_feed,observed,train,1.0,benchmark_trainable,Wet-Waste-Biomass-Opt,HTC_data.csv,literature_experiment,"(Zhang et al., 2018)",htc,Food waste,food_waste,,0.0,1.0,44.14,6.18,1.27,41.91,92.0,76.22,17.28,6.5,260.0,15.0,45.0,24.38,67.42,65.16
Wet-Waste-Biomass-Opt::htc::0117,paper1_htc_scope,observed_single_feed,observed,train,1.0,benchmark_trainable,Wet-Waste-Biomass-Opt,HTC_data.csv,literature_experiment,,htc,Food waste,food_waste,,0.0,1.0,42.5,5.8,3.2,28.1,80.0,54.09,25.51,20.4,250.0,1200.0,43.8,31.1,77.26,69.67
Wet-Waste-Biomass-Opt::htc::0118,paper1_htc_scope,observed_single_feed,observed,train,1.0,benchmark_trainable,Wet-Waste-Biomass-Opt,HTC_data.csv,literature_experiment,"(PetroviĿ et al., 2016)",htc,Food waste,food_waste,,0.0,1.0,49.48,6.86,2.84,34.29,83.0,76.05,17.42,6.53,180.0,60.0,86.0,23.3,98.25,97.58
Wet-Waste-Biomass-Opt::htc::0119,paper1_htc_scope,observed_single_feed,observed,train,1.0,benchmark_trainable,Wet-Waste-Biomass-Opt,HTC_data.csv,literature_experiment,"(PetroviĿ et al., 2016)",htc,Food waste,food_waste,,0.0,1.0,49.48,6.86,2.84,34.29,83.0,76.05,17.42,6.53,200.0,60.0,78.0,24.8,94.83,92.42
Wet-Waste-Biomass-Opt::htc::0120,paper1_htc_scope,observed_single_feed,observed,train,1.0,benchmark_trainable,Wet-Waste-Biomass-Opt,HTC_data.csv,literature_experiment,"(PetroviĿ et al., 2016)",htc,Food waste,food_waste,,0.0,1.0,49.48,6.86,2.84,34.29,83.0,76.05,17.42,6.53,220.0,60.0,66.0,25.51,82.54,80.71
Wet-Waste-Biomass-Opt::htc::0121,paper1_htc_scope,observed_single_feed,observed,train,1.0,benchmark_trainable,Wet-Waste-Biomass-Opt,HTC_data.csv,literature_experiment,"(Wang et al., 2018)",htc,Food waste,food_waste,,0.0,1.0,41.96,8.01,3.45,35.08,80.0,72.6,15.9,11.5,180.0,60.0,53.82,30.02,83.5,84.03
Wet-Waste-Biomass-Opt::htc::0122,paper1_htc_scope,observed_single_feed,observed,train,1.0,benchmark_trainable,Wet-Waste-Biomass-Opt,HTC_data.csv,literature_experiment,"(Wang et al., 2018)",htc,Food waste,food_waste,,0.0,1.0,41.96,8.01,3.45,35.08,80.0,72.6,15.9,11.5,200.0,60.0,45.52,30.02,70.63,72.13
Wet-Waste-Biomass-Opt::htc::0123,paper1_htc_scope,observed_single_feed,observed,train,1.0,benchmark_trainable,Wet-Waste-Biomass-Opt,HTC_data.csv,literature_experiment,"(Wang et al., 2018)",htc,Food waste,food_waste,,0.0,1.0,41.96,8.01,3.45,35.08,80.0,72.6,15.9,11.5,220.0,60.0,40.25,30.17,62.76,65.75
Wet-Waste-Biomass-Opt::htc::0124,paper1_htc_scope,observed_single_feed,observed,train,1.0,benchmark_trainable,Wet-Waste-Biomass-Opt,HTC_data.csv,literature_experiment,"(Wang et al., 2018)",htc,Food waste,food_waste,,0.0,1.0,41.96,8.01,3.45,35.08,80.0,72.6,15.9,11.5,240.0,60.0,38.2,31.14,61.47,63.14
Wet-Waste-Biomass-Opt::htc::0125,paper1_htc_scope,observed_single_feed,observed,train,1.0,benchmark_trainable,Wet-Waste-Biomass-Opt,HTC_data.csv,literature_experiment,"(Wang et al., 2018)",htc,Food waste,food_waste,,0.0,1.0,41.96,8.01,3.45,35.08,80.0,72.6,15.9,11.5,260.0,60.0,35.01,33.0,59.71,60.04
Wet-Waste-Biomass-Opt::htc::0135,paper1_htc_scope,observed_single_feed,observed,train,1.0,benchmark_trainable,Wet-Waste-Biomass-Opt,HTC_data.csv,literature_experiment,"(Kannan et al., 2017b)",htc,Food waste,food_waste,,0.0,1.0,45.33,6.16,13.42,22.32,87.5,86.5,0.73,12.77,180.0,120.0,72.9,26.15,85.02,83.29
Wet-Waste-Biomass-Opt::htc::0136,paper1_htc_scope,observed_single_feed,observed,test,1.0,benchmark_trainable,Wet-Waste-Biomass-Opt,HTC_data.csv,literature_experiment,"(Kannan et al., 2017b)",htc,Food waste,food_waste,,0.0,1.0,45.33,6.16,13.42,22.32,87.5,86.5,0.73,12.77,180.0,560.0,71.7,26.86,85.92,84.13
Wet-Waste-Biomass-Opt::htc::0137,paper1_htc_scope,observed_single_feed,observed,train,1.0,benchmark_trainable,Wet-Waste-Biomass-Opt,HTC_data.csv,literature_experiment,"(Kannan et al., 2017b)",htc,Food waste,food_waste,,0.0,1.0,45.33,6.16,13.42,22.32,87.5,86.5,0.73,12.77,180.0,720.0,70.9,27.36,86.54,84.42
Wet-Waste-Biomass-Opt::htc::0138,paper1_htc_scope,observed_single_feed,observed,train,1.0,benchmark_trainable,Wet-Waste-Biomass-Opt,HTC_data.csv,literature_experiment,"(Kannan et al., 2017b)",htc,Food waste,food_waste,,0.0,1.0,45.33,6.16,13.42,22.32,87.5,86.5,0.73,12.77,215.0,120.0,64.8,28.36,81.99,79.28
Wet-Waste-Biomass-Opt::htc::0139,paper1_htc_scope,observed_single_feed,observed,train,1.0,benchmark_trainable,Wet-Waste-Biomass-Opt,HTC_data.csv,literature_experiment,"(Kannan et al., 2017b)",htc,Food waste,food_waste,,0.0,1.0,45.33,6.16,13.42,22.32,87.5,86.5,0.73,12.77,215.0,560.0,59.2,29.79,78.67,75.28
Wet-Waste-Biomass-Opt::htc::0140,paper1_htc_scope,observed_single_feed,observed,train,1.0,benchmark_trainable,Wet-Waste-Biomass-Opt,HTC_data.csv,literature_experiment,"(Kannan et al., 2017b)",htc,Food waste,food_waste,,0.0,1.0,45.33,6.16,13.42,22.32,87.5,86.5,0.73,12.77,215.0,720.0,56.1,30.6,76.57,72.75
Wet-Waste-Biomass-Opt::htc::0141,paper1_htc_scope,observed_single_feed,observed,test,1.0,benchmark_trainable,Wet-Waste-Biomass-Opt,HTC_data.csv,literature_experiment,"(Kannan et al., 2017b)",htc,Food waste,food_waste,,0.0,1.0,45.33,6.16,13.42,22.32,87.5,86.5,0.73,12.77,250.0,120.0,51.5,31.82,73.1,68.96
Wet-Waste-Biomass-Opt::htc::0142,paper1_htc_scope,observed_single_feed,observed,train,1.0,benchmark_trainable,Wet-Waste-Biomass-Opt,HTC_data.csv,literature_experiment,"(Kannan et al., 2017b)",htc,Food waste,food_waste,,0.0,1.0,45.33,6.16,13.42,22.32,87.5,86.5,0.73,12.77,250.0,560.0,49.2,32.44,71.2,66.55
Wet-Waste-Biomass-Opt::htc::0143,paper1_htc_scope,observed_single_feed,observed,train,1.0,benchmark_trainable,Wet-Waste-Biomass-Opt,HTC_data.csv,literature_experiment,"(Kannan et al., 2017b)",htc,Food waste,food_waste,,0.0,1.0,45.33,6.16,13.42,22.32,87.5,86.5,0.73,12.77,250.0,720.0,45.0,31.86,63.95,60.43
Wet-Waste-Biomass-Opt::htc::0144,paper1_htc_scope,observed_single_feed,observed,train,1.0,benchmark_trainable,Wet-Waste-Biomass-Opt,HTC_data.csv,literature_experiment,"(Kannan et al., 2017a)",htc,Food waste,food_waste,,0.0,1.0,43.09,6.91,11.47,23.8,50.0,83.77,1.5,14.73,150.0,60.0,17.79,7.93,7.01,10.73
Wet-Waste-Biomass-Opt::htc::0145,paper1_htc_scope,observed_single_feed,observed,train,1.0,benchmark_trainable,Wet-Waste-Biomass-Opt,HTC_data.csv,literature_experiment,"(Kannan et al., 2017a)",htc,Food waste,food_waste,,0.0,1.0,43.09,6.91,11.47,23.8,50.0,83.77,1.5,14.73,150.0,90.0,21.54,15.93,17.05,18.4
Wet-Waste-Biomass-Opt::htc::0146,paper1_htc_scope,observed_single_feed,observed,train,1.0,benchmark_trainable,Wet-Waste-Biomass-Opt,HTC_data.csv,literature_experiment,"(Kannan et al., 2017a)",htc,Food waste,food_waste,,0.0,1.0,43.09,6.91,11.47,23.8,50.0,83.77,1.5,14.73,150.0,120.0,20.7,18.15,18.67,19.22
Wet-Waste-Biomass-Opt::htc::0147,paper1_htc_scope,observed_single_feed,observed,train,1.0,benchmark_trainable,Wet-Waste-Biomass-Opt,HTC_data.csv,literature_experiment,"(Kannan et al., 2017a)",htc,Food waste,food_waste,,0.0,1.0,43.09,6.91,11.47,23.8,50.0,83.77,1.5,14.73,180.0,60.0,22.91,26.59,30.27,27.55
Wet-Waste-Biomass-Opt::htc::0148,paper1_htc_scope,observed_single_feed,observed,test,1.0,benchmark_trainable,Wet-Waste-Biomass-Opt,HTC_data.csv,literature_experiment,"(Kannan et al., 2017a)",htc,Food waste,food_waste,,0.0,1.0,43.09,6.91,11.47,23.8,50.0,83.77,1.5,14.73,180.0,90.0,26.7,23.84,31.63,30.49
Wet-Waste-Biomass-Opt::htc::0149,paper1_htc_scope,observed_single_feed,observed,train,1.0,benchmark_trainable,Wet-Waste-Biomass-Opt,HTC_data.csv,literature_experiment,"(Kannan et al., 2017a)",htc,Food waste,food_waste,,0.0,1.0,43.09,6.91,11.47,23.8,50.0,83.77,1.5,14.73,180.0,120.0,30.75,20.43,31.2,32.62
Wet-Waste-Biomass-Opt::htc::0150,paper1_htc_scope,observed_single_feed,observed,train,1.0,benchmark_trainable,Wet-Waste-Biomass-Opt,HTC_data.csv,literature_experiment,"(Kannan et al., 2017a)",htc,Food waste,food_waste,,0.0,1.0,43.09,6.91,11.47,23.8,50.0,83.77,1.5,14.73,210.0,60.0,21.95,23.81,25.97,25.6
Wet-Waste-Biomass-Opt::htc::0151,paper1_htc_scope,observed_single_feed,observed,test,1.0,benchmark_trainable,Wet-Waste-Biomass-Opt,HTC_data.csv,literature_experiment,"(Kannan et al., 2017a)",htc,Food waste,food_waste,,0.0,1.0,43.09,6.91,11.47,23.8,50.0,83.77,1.5,14.73,210.0,90.0,29.27,22.11,32.15,31.9
Wet-Waste-Biomass-Opt::htc::0152,paper1_htc_scope,observed_single_feed,observed,train,1.0,benchmark_trainable,Wet-Waste-Biomass-Opt,HTC_data.csv,literature_experiment,"(Kannan et al., 2017a)",htc,Food waste,food_waste,,0.0,1.0,43.09,6.91,11.47,23.8,50.0,83.77,1.5,14.73,210.0,120.0,34.49,21.74,37.24,37.87
Wet-Waste-Biomass-Opt::htc::0153,paper1_htc_scope,observed_single_feed,observed,train,1.0,benchmark_trainable,Wet-Waste-Biomass-Opt,HTC_data.csv,literature_experiment,"(Saqib et al., 2018)",htc,Food waste,food_waste,,0.0,1.0,39.0,7.32,5.7,41.57,50.0,79.11,14.48,6.41,150.0,60.0,18.52,16.36,15.02,16.77
Wet-Waste-Biomass-Opt::htc::0154,paper1_htc_scope,observed_single_feed,observed,train,1.0,benchmark_trainable,Wet-Waste-Biomass-Opt,HTC_data.csv,literature_experiment,"(Saqib et al., 2018)",htc,Food waste,food_waste,,0.0,1.0,39.0,7.32,5.7,41.57,50.0,79.11,14.48,6.41,150.0,90.0,22.78,20.24,22.86,23.5
Wet-Waste-Biomass-Opt::htc::0155,paper1_htc_scope,observed_single_feed,observed,train,1.0,benchmark_trainable,Wet-Waste-Biomass-Opt,HTC_data.csv,literature_experiment,"(Saqib et al., 2018)",htc,Food waste,food_waste,,0.0,1.0,39.0,7.32,5.7,41.57,50.0,79.11,14.48,6.41,150.0,120.0,20.7,20.6,21.14,21.66
Wet-Waste-Biomass-Opt::htc::0156,paper1_htc_scope,observed_single_feed,observed,train,1.0,benchmark_trainable,Wet-Waste-Biomass-Opt,HTC_data.csv,literature_experiment,"(Saqib et al., 2018)",htc,Food waste,food_waste,,0.0,1.0,39.0,7.32,5.7,41.57,50.0,79.11,14.48,6.41,180.0,60.0,27.62,18.13,24.82,27.38
Wet-Waste-Biomass-Opt::htc::0157,paper1_htc_scope,observed_single_feed,observed,train,1.0,benchmark_trainable,Wet-Waste-Biomass-Opt,HTC_data.csv,literature_experiment,"(Saqib et al., 2018)",htc,Food waste,food_waste,,0.0,1.0,39.0,7.32,5.7,41.57,50.0,79.11,14.48,6.41,180.0,90.0,27.18,20.38,27.46,28.99
Wet-Waste-Biomass-Opt::htc::0158,paper1_htc_scope,observed_single_feed,observed,train,1.0,benchmark_trainable,Wet-Waste-Biomass-Opt,HTC_data.csv,literature_experiment,"(Saqib et al., 2018)",htc,Food waste,food_waste,,0.0,1.0,39.0,7.32,5.7,41.57,50.0,79.11,14.48,6.41,180.0,120.0,28.74,20.3,28.92,30.5
Wet-Waste-Biomass-Opt::htc::0159,paper1_htc_scope,observed_single_feed,observed,test,1.0,benchmark_trainable,Wet-Waste-Biomass-Opt,HTC_data.csv,literature_experiment,"(Saqib et al., 2018)",htc,Food waste,food_waste,,0.0,1.0,39.0,7.32,5.7,41.57,50.0,79.11,14.48,6.41,210.0,60.0,24.87,20.38,25.12,26.81
Wet-Waste-Biomass-Opt::htc::0160,paper1_htc_scope,observed_single_feed,observed,train,1.0,benchmark_trainable,Wet-Waste-Biomass-Opt,HTC_data.csv,literature_experiment,"(Saqib et al., 2018)",htc,Food waste,food_waste,,0.0,1.0,39.0,7.32,5.7,41.57,50.0,79.11,14.48,6.41,210.0,90.0,28.48,20.57,29.04,31.2
Wet-Waste-Biomass-Opt::htc::0161,paper1_htc_scope,observed_single_feed,observed,train,1.0,benchmark_trainable,Wet-Waste-Biomass-Opt,HTC_data.csv,literature_experiment,"(Saqib et al., 2018)",htc,Food waste,food_waste,,0.0,1.0,39.0,7.32,5.7,41.57,50.0,79.11,14.48,6.41,210.0,120.0,35.41,21.72,38.13,40.46
Wet-Waste-Biomass-Opt::htc::0162,paper1_htc_scope,observed_single_feed,observed,train,1.0,benchmark_trainable,Wet-Waste-Biomass-Opt,HTC_data.csv,literature_experiment,"(Zhai et al., 2018)",htc,Food waste,food_waste,,0.0,1.0,51.14,7.63,3.45,26.31,75.0,72.55,15.98,11.47,200.0,60.0,7.0,27.82,12.01,11.28
Wet-Waste-Biomass-Opt::htc::0163,paper1_htc_scope,observed_single_feed,observed,train,1.0,benchmark_trainable,Wet-Waste-Biomass-Opt,HTC_data.csv,literature_experiment,"(Zhai et al., 2018)",htc,Food waste,food_waste,,0.0,1.0,51.14,7.63,3.45,26.31,75.0,72.55,15.98,11.47,250.0,60.0,5.95,30.05,11.03,10.39
Wet-Waste-Biomass-Opt::htc::0164,paper1_htc_scope,observed_single_feed,observed,validation,1.0,benchmark_trainable,Wet-Waste-Biomass-Opt,HTC_data.csv,literature_experiment,"(Zhai et al., 2018)",htc,Food waste,food_waste,,0.0,1.0,51.14,7.63,3.45,26.31,75.0,72.55,15.98,11.47,300.0,60.0,5.25,32.42,10.5,9.83
Wet-Waste-Biomass-Opt::htc::0165,paper1_htc_scope,observed_single_feed,observed,train,1.0,benchmark_trainable,Wet-Waste-Biomass-Opt,HTC_data.csv,literature_experiment,"(Kim et al., 2014)",htc,Food waste,food_waste,,0.0,1.0,61.94,7.22,6.51,10.97,89.0,80.17,6.47,13.36,200.0,60.0,56.15,30.13,72.07,72.59
Wet-Waste-Biomass-Opt::htc::0166,paper1_htc_scope,observed_single_feed,observed,train,1.0,benchmark_trainable,Wet-Waste-Biomass-Opt,HTC_data.csv,literature_experiment,"(Kim et al., 2014)",htc,Food waste,food_waste,,0.0,1.0,61.94,7.22,6.51,10.97,89.0,80.17,6.47,13.36,230.0,60.0,39.76,31.49,53.34,54.48
Wet-Waste-Biomass-Opt::htc::0167,paper1_htc_scope,observed_single_feed,observed,train,1.0,benchmark_trainable,Wet-Waste-Biomass-Opt,HTC_data.csv,literature_experiment,"(Kim et al., 2014)",htc,Food waste,food_waste,,0.0,1.0,61.94,7.22,6.51,10.97,89.0,80.17,6.47,13.36,260.0,60.0,35.71,32.94,50.1,50.65
Wet-Waste-Biomass-Opt::htc::0168,paper1_htc_scope,observed_single_feed,observed,train,1.0,benchmark_trainable,Wet-Waste-Biomass-Opt,HTC_data.csv,literature_experiment,"(Kim et al., 2014)",htc,Food waste,food_waste,,0.0,1.0,61.94,7.22,6.51,10.97,89.0,80.17,6.47,13.36,200.0,180.0,48.43,30.08,62.05,63.03
Wet-Waste-Biomass-Opt::htc::0169,paper1_htc_scope,observed_single_feed,observed,train,1.0,benchmark_trainable,Wet-Waste-Biomass-Opt,HTC_data.csv,literature_experiment,"(Kim et al., 2014)",htc,Food waste,food_waste,,0.0,1.0,61.94,7.22,6.51,10.97,89.0,80.17,6.47,13.36,230.0,180.0,40.9,31.84,55.48,56.02
Wet-Waste-Biomass-Opt::htc::0170,paper1_htc_scope,observed_single_feed,observed,train,1.0,benchmark_trainable,Wet-Waste-Biomass-Opt,HTC_data.csv,literature_experiment,"(Kim et al., 2014)",htc,Food waste,food_waste,,0.0,1.0,61.94,7.22,6.51,10.97,89.0,80.17,6.47,13.36,260.0,180.0,33.28,33.13,46.97,47.49
Wet-Waste-Biomass-Opt::htc::0171,paper1_htc_scope,observed_single_feed,observed,train,1.0,benchmark_trainable,Wet-Waste-Biomass-Opt,HTC_data.csv,literature_experiment,"(Kim et al., 2014)",htc,Food waste,food_waste,,0.0,1.0,61.94,7.22,6.51,10.97,89.0,80.17,6.47,13.36,200.0,480.0,44.56,30.96,58.77,59.33
Wet-Waste-Biomass-Opt::htc::0172,paper1_htc_scope,observed_single_feed,observed,train,1.0,benchmark_trainable,Wet-Waste-Biomass-Opt,HTC_data.csv,literature_experiment,"(Kim et al., 2014)",htc,Food waste,food_waste,,0.0,1.0,61.94,7.22,6.51,10.97,89.0,80.17,6.47,13.36,230.0,480.0,38.8,31.46,52.0,52.5
Wet-Waste-Biomass-Opt::htc::0173,paper1_htc_scope,observed_single_feed,observed,validation,1.0,benchmark_trainable,Wet-Waste-Biomass-Opt,HTC_data.csv,literature_experiment,"(Kim et al., 2014)",htc,Food waste,food_waste,,0.0,1.0,61.94,7.22,6.51,10.97,89.0,80.17,6.47,13.36,260.0,480.0,30.27,33.44,43.12,43.62
Wet-Waste-Biomass-Opt::htc::0179,paper1_htc_scope,observed_single_feed,observed,train,1.0,benchmark_trainable,Wet-Waste-Biomass-Opt,HTC_data.csv,literature_experiment,"(Catalkopru et al., 2017)",htc,Food waste,food_waste,,0.0,1.0,52.76,5.56,1.89,34.39,89.0,72.6,22.0,5.4,220.0,60.0,63.73,19.28,72.46,69.54
Wet-Waste-Biomass-Opt::htc::0180,paper1_htc_scope,observed_single_feed,observed,validation,1.0,benchmark_trainable,Wet-Waste-Biomass-Opt,HTC_data.csv,literature_experiment,"(Catalkopru et al., 2017)",htc,Food waste,food_waste,,0.0,1.0,52.76,5.56,1.89,34.39,89.0,72.6,22.0,5.4,220.0,120.0,56.81,20.32,68.08,64.36
Wet-Waste-Biomass-Opt::htc::0181,paper1_htc_scope,observed_single_feed,observed,train,1.0,benchmark_trainable,Wet-Waste-Biomass-Opt,HTC_data.csv,literature_experiment,"(Catalkopru et al., 2017)",htc,Food waste,food_waste,,0.0,1.0,52.76,5.56,1.89,34.39,89.0,72.6,22.0,5.4,220.0,180.0,52.22,21.29,65.57,61.52
Wet-Waste-Biomass-Opt::htc::0182,paper1_htc_scope,observed_single_feed,observed,train,1.0,benchmark_trainable,Wet-Waste-Biomass-Opt,HTC_data.csv,literature_experiment,"(Catalkopru et al., 2017)",htc,Food waste,food_waste,,0.0,1.0,52.76,5.56,1.89,34.39,89.0,72.6,22.0,5.4,180.0,120.0,72.42,18.06,77.16,75.62
Wet-Waste-Biomass-Opt::htc::0183,paper1_htc_scope,observed_single_feed,observed,test,1.0,benchmark_trainable,Wet-Waste-Biomass-Opt,HTC_data.csv,literature_experiment,"(Catalkopru et al., 2017)",htc,Food waste,food_waste,,0.0,1.0,52.76,5.56,1.89,34.39,89.0,72.6,22.0,5.4,260.0,120.0,46.59,24.49,67.31,61.52
Wet-Waste-Biomass-Opt::htc::0184,paper1_htc_scope,observed_single_feed,observed,train,1.0,benchmark_trainable,Wet-Waste-Biomass-Opt,HTC_data.csv,literature_experiment,"(Catalkopru et al., 2017)",htc,Food waste,food_waste,,0.0,1.0,42.75,5.88,1.98,44.09,83.0,41.0,53.7,5.3,220.0,10.0,64.33,24.23,79.37,75.12
Wet-Waste-Biomass-Opt::htc::0185,paper1_htc_scope,observed_single_feed,observed,train,1.0,benchmark_trainable,Wet-Waste-Biomass-Opt,HTC_data.csv,literature_experiment,"(Catalkopru et al., 2017)",htc,Food waste,food_waste,,0.0,1.0,42.75,5.88,1.98,44.09,80.0,41.0,53.7,5.3,220.0,10.0,69.4,24.7,87.28,81.41
Wet-Waste-Biomass-Opt::htc::0186,paper1_htc_scope,observed_single_feed,observed,test,1.0,benchmark_trainable,Wet-Waste-Biomass-Opt,HTC_data.csv,literature_experiment,"(Catalkopru et al., 2017)",htc,Food waste,food_waste,,0.0,1.0,42.75,5.88,1.98,44.09,80.0,41.0,53.7,5.3,220.0,10.0,75.25,24.23,92.84,87.43
Wet-Waste-Biomass-Opt::htc::0187,paper1_htc_scope,observed_single_feed,observed,train,1.0,benchmark_trainable,Wet-Waste-Biomass-Opt,HTC_data.csv,literature_experiment,"(Catalkopru et al., 2017)",htc,Food waste,food_waste,,0.0,1.0,42.75,5.88,1.98,44.09,80.0,41.0,53.7,5.3,220.0,10.0,73.6,24.33,91.16,85.49
Wet-Waste-Biomass-Opt::htc::0188,paper1_htc_scope,observed_single_feed,observed,train,1.0,benchmark_trainable,Wet-Waste-Biomass-Opt,HTC_data.csv,literature_experiment,"(Catalkopru et al., 2017)",htc,Food waste,food_waste,,0.0,1.0,42.75,5.88,1.98,44.09,83.0,41.0,53.7,5.3,220.0,20.0,51.59,21.51,74.04,68.29
Wet-Waste-Biomass-Opt::htc::0189,paper1_htc_scope,observed_single_feed,observed,train,1.0,benchmark_trainable,Wet-Waste-Biomass-Opt,HTC_data.csv,literature_experiment,"(Catalkopru et al., 2017)",htc,Food waste,food_waste,,0.0,1.0,42.75,5.88,1.98,44.09,80.0,41.0,53.7,5.3,220.0,20.0,55.76,21.35,79.42,74.03
Wet-Waste-Biomass-Opt::htc::0190,paper1_htc_scope,observed_single_feed,observed,train,1.0,benchmark_trainable,Wet-Waste-Biomass-Opt,HTC_data.csv,literature_experiment,"(Catalkopru et al., 2017)",htc,Food waste,food_waste,,0.0,1.0,42.75,5.88,1.98,44.09,80.0,41.0,53.7,5.3,220.0,20.0,57.47,21.55,82.64,75.58
Wet-Waste-Biomass-Opt::htc::0191,paper1_htc_scope,observed_single_feed,observed,train,1.0,benchmark_trainable,Wet-Waste-Biomass-Opt,HTC_data.csv,literature_experiment,"(Catalkopru et al., 2017)",htc,Food waste,food_waste,,0.0,1.0,42.75,5.88,1.98,44.09,80.0,41.0,53.7,5.3,220.0,20.0,57.54,22.29,85.59,78.49
Wet-Waste-Biomass-Opt::htc::0192,paper1_htc_scope,observed_single_feed,observed,train,1.0,benchmark_trainable,Wet-Waste-Biomass-Opt,HTC_data.csv,literature_experiment,"(Tag et al., 2018)",htc,Manure,manure,,1.0,0.0,35.7,5.27,9.61,41.22,30.0,68.3,23.5,8.2,225.0,120.0,42.21,21.24,73.22,68.06
Wet-Waste-Biomass-Opt::htc::0193,paper1_htc_scope,observed_single_feed,observed,validation,1.0,benchmark_trainable,Wet-Waste-Biomass-Opt,HTC_data.csv,literature_experiment,"(Tag et al., 2018)",htc,Manure,manure,,1.0,0.0,35.7,5.27,9.61,41.22,30.0,68.3,23.5,8.2,250.0,120.0,40.15,25.91,84.95,71.84
Wet-Waste-Biomass-Opt::htc::0194,paper1_htc_scope,observed_single_feed,observed,train,1.0,benchmark_trainable,Wet-Waste-Biomass-Opt,HTC_data.csv,literature_experiment,"(Tag et al., 2018)",htc,Manure,manure,,1.0,0.0,35.7,5.27,9.61,41.22,30.0,68.3,23.5,8.2,275.0,120.0,32.76,26.11,69.86,56.9
Wet-Waste-Biomass-Opt::htc::0195,paper1_htc_scope,observed_single_feed,observed,train,1.0,benchmark_trainable,Wet-Waste-Biomass-Opt,HTC_data.csv,literature_experiment,"(Tag et al., 2018)",htc,Manure,manure,,1.0,0.0,35.7,5.27,9.61,41.22,30.0,68.3,23.5,8.2,300.0,120.0,53.16,19.01,82.53,79.77
Wet-Waste-Biomass-Opt::htc::0196,paper1_htc_scope,observed_single_feed,observed,validation,1.0,benchmark_trainable,Wet-Waste-Biomass-Opt,HTC_data.csv,literature_experiment,"(Gascó et al., 2018)",htc,Manure,manure,,1.0,0.0,34.26,4.83,2.67,17.04,70.0,39.4,19.4,41.2,200.0,120.0,58.76,14.67,55.85,57.92
Wet-Waste-Biomass-Opt::htc::0197,paper1_htc_scope,observed_single_feed,observed,train,1.0,benchmark_trainable,Wet-Waste-Biomass-Opt,HTC_data.csv,literature_experiment,"(Gascó et al., 2018)",htc,Manure,manure,,1.0,0.0,34.26,4.83,2.67,17.04,70.0,39.4,19.4,41.2,220.0,120.0,42.3,11.19,30.67,32.83
Wet-Waste-Biomass-Opt::htc::0198,paper1_htc_scope,observed_single_feed,observed,train,1.0,benchmark_trainable,Wet-Waste-Biomass-Opt,HTC_data.csv,literature_experiment,"(Gascó et al., 2018)",htc,Manure,manure,,1.0,0.0,34.26,4.83,2.67,17.04,70.0,39.4,19.4,41.2,240.0,120.0,47.59,11.04,34.04,35.8
Wet-Waste-Biomass-Opt::htc::0199,paper1_htc_scope,observed_single_feed,observed,train,1.0,benchmark_trainable,Wet-Waste-Biomass-Opt,HTC_data.csv,literature_experiment,,htc,Manure,manure,,1.0,0.0,40.85,6.3,3.73,31.72,86.0,81.51,1.09,17.4,220.0,600.0,49.78,23.14,67.21,62.77
Wet-Waste-Biomass-Opt::htc::0200,paper1_htc_scope,observed_single_feed,observed,train,1.0,benchmark_trainable,Wet-Waste-Biomass-Opt,HTC_data.csv,literature_experiment,"(Lang et al., 2019)",htc,Manure,manure,,1.0,0.0,39.57,5.78,3.37,34.12,80.0,81.41,1.43,17.16,180.0,600.0,66.38,19.59,83.67,77.54
Wet-Waste-Biomass-Opt::htc::0201,paper1_htc_scope,observed_single_feed,observed,train,1.0,benchmark_trainable,Wet-Waste-Biomass-Opt,HTC_data.csv,literature_experiment,"(Lang et al., 2019)",htc,Manure,manure,,1.0,0.0,39.57,5.78,3.37,34.12,80.0,81.41,1.43,17.16,200.0,600.0,61.56,20.4,80.79,72.87
Wet-Waste-Biomass-Opt::htc::0202,paper1_htc_scope,observed_single_feed,observed,train,1.0,benchmark_trainable,Wet-Waste-Biomass-Opt,HTC_data.csv,literature_experiment,"(Lang et al., 2019)",htc,Manure,manure,,1.0,0.0,39.57,5.78,3.37,34.12,80.0,81.41,1.43,17.16,220.0,600.0,55.54,21.76,77.76,71.08
Wet-Waste-Biomass-Opt::htc::0203,paper1_htc_scope,observed_single_feed,observed,test,1.0,benchmark_trainable,Wet-Waste-Biomass-Opt,HTC_data.csv,literature_experiment,"(Lang et al., 2019)",htc,Manure,manure,,1.0,0.0,39.57,5.78,3.37,34.12,95.0,81.41,1.43,17.16,200.0,240.0,58.34,10.71,59.69,64.03
Wet-Waste-Biomass-Opt::htc::0204,paper1_htc_scope,observed_single_feed,observed,train,1.0,benchmark_trainable,Wet-Waste-Biomass-Opt,HTC_data.csv,literature_experiment,"(Wu et al., 2017)",htc,Manure,manure,,1.0,0.0,36.21,5.14,2.39,51.16,95.0,70.72,24.18,5.1,220.0,240.0,51.55,13.12,64.6,59.22
Wet-Waste-Biomass-Opt::htc::0205,paper1_htc_scope,observed_single_feed,observed,test,1.0,benchmark_trainable,Wet-Waste-Biomass-Opt,HTC_data.csv,literature_experiment,"(Wu et al., 2017)",htc,Manure,manure,,1.0,0.0,36.21,5.14,2.39,51.16,95.0,70.72,24.18,5.1,240.0,240.0,49.6,13.18,62.49,57.53
Wet-Waste-Biomass-Opt::htc::0206,paper1_htc_scope,observed_single_feed,observed,train,1.0,benchmark_trainable,Wet-Waste-Biomass-Opt,HTC_data.csv,literature_experiment,"(Wu et al., 2017)",htc,Manure,manure,,1.0,0.0,36.21,5.14,2.39,51.16,95.0,70.72,24.18,5.1,260.0,240.0,44.41,13.15,55.81,51.68
Wet-Waste-Biomass-Opt::htc::0207,paper1_htc_scope,observed_single_feed,observed,train,1.0,benchmark_trainable,Wet-Waste-Biomass-Opt,HTC_data.csv,literature_experiment,"(Wu et al., 2017)",htc,Manure,manure,,1.0,0.0,36.21,5.14,2.39,51.16,95.0,70.72,24.18,5.1,280.0,240.0,43.48,12.86,53.45,49.94
Wet-Waste-Biomass-Opt::htc::0208,paper1_htc_scope,observed_single_feed,observed,train,1.0,benchmark_trainable,Wet-Waste-Biomass-Opt,HTC_data.csv,literature_experiment,"(Toufiq Reza et al., 2016)",htc,Manure,manure,,1.0,0.0,44.8,5.2,2.3,31.25,83.0,74.14,9.41,16.45,180.0,5.0,93.6,17.94,98.77,97.15
Wet-Waste-Biomass-Opt::htc::0209,paper1_htc_scope,observed_single_feed,observed,train,1.0,benchmark_trainable,Wet-Waste-Biomass-Opt,HTC_data.csv,literature_experiment,"(Toufiq Reza et al., 2016)",htc,Manure,manure,,1.0,0.0,44.8,5.2,2.3,31.25,83.0,74.14,9.41,16.45,220.0,5.0,66.6,20.09,78.74,73.14
Wet-Waste-Biomass-Opt::htc::0210,paper1_htc_scope,observed_single_feed,observed,train,1.0,benchmark_trainable,Wet-Waste-Biomass-Opt,HTC_data.csv,literature_experiment,"(Toufiq Reza et al., 2016)",htc,Manure,manure,,1.0,0.0,44.8,5.2,2.3,31.25,83.0,74.14,9.41,16.45,260.0,5.0,48.3,21.9,62.23,56.17
Wet-Waste-Biomass-Opt::htc::0211,paper1_htc_scope,observed_single_feed,observed,train,1.0,benchmark_trainable,Wet-Waste-Biomass-Opt,HTC_data.csv,literature_experiment,"(Toufiq Reza et al., 2016)",htc,Manure,manure,,1.0,0.0,44.8,5.2,2.3,31.25,83.0,74.14,9.41,16.45,180.0,30.0,84.0,18.27,90.32,87.38
Wet-Waste-Biomass-Opt::htc::0212,paper1_htc_scope,observed_single_feed,observed,train,1.0,benchmark_trainable,Wet-Waste-Biomass-Opt,HTC_data.csv,literature_experiment,"(Toufiq Reza et al., 2016)",htc,Manure,manure,,1.0,0.0,44.8,5.2,2.3,31.25,83.0,74.14,9.41,16.45,220.0,30.0,69.8,21.18,86.99,78.53
Wet-Waste-Biomass-Opt::htc::0213,paper1_htc_scope,observed_single_feed,observed,train,1.0,benchmark_trainable,Wet-Waste-Biomass-Opt,HTC_data.csv,literature_experiment,"(Toufiq Reza et al., 2016)",htc,Manure,manure,,1.0,0.0,44.8,5.2,2.3,31.25,83.0,74.14,9.41,16.45,260.0,30.0,50.8,23.36,69.83,61.23
Wet-Waste-Biomass-Opt::htc::0214,paper1_htc_scope,observed_single_feed,observed,train,1.0,benchmark_trainable,Wet-Waste-Biomass-Opt,HTC_data.csv,literature_experiment,"(Ghanim et al., 2016)",htc,Manure,manure,,1.0,0.0,42.22,5.59,4.19,31.63,37.0,72.95,10.67,16.37,150.0,30.0,87.17,16.85,88.44,90.93
Wet-Waste-Biomass-Opt::htc::0215,paper1_htc_scope,observed_single_feed,observed,test,1.0,benchmark_trainable,Wet-Waste-Biomass-Opt,HTC_data.csv,literature_experiment,"(Ghanim et al., 2016)",htc,Manure,manure,,1.0,0.0,42.22,5.59,4.19,31.63,37.0,72.95,10.67,16.37,175.0,30.0,75.36,16.96,76.93,76.29
Wet-Waste-Biomass-Opt::htc::0216,paper1_htc_scope,observed_single_feed,observed,train,1.0,benchmark_trainable,Wet-Waste-Biomass-Opt,HTC_data.csv,literature_experiment,"(Ghanim et al., 2016)",htc,Manure,manure,,1.0,0.0,42.22,5.59,4.19,31.63,37.0,72.95,10.67,16.37,200.0,30.0,41.8,21.67,54.54,50.88
Wet-Waste-Biomass-Opt::htc::0217,paper1_htc_scope,observed_single_feed,observed,train,1.0,benchmark_trainable,Wet-Waste-Biomass-Opt,HTC_data.csv,literature_experiment,"(Ghanim et al., 2016)",htc,Manure,manure,,1.0,0.0,42.22,5.59,4.19,31.63,37.0,72.95,10.67,16.37,225.0,30.0,38.39,21.93,50.68,46.31
Wet-Waste-Biomass-Opt::htc::0218,paper1_htc_scope,observed_single_feed,observed,validation,1.0,benchmark_trainable,Wet-Waste-Biomass-Opt,HTC_data.csv,literature_experiment,"(Ghanim et al., 2016)",htc,Manure,manure,,1.0,0.0,42.22,5.59,4.19,31.63,37.0,72.95,10.67,16.37,250.0,30.0,32.74,25.51,50.28,42.83
Wet-Waste-Biomass-Opt::htc::0219,paper1_htc_scope,observed_single_feed,observed,train,1.0,benchmark_trainable,Wet-Waste-Biomass-Opt,HTC_data.csv,literature_experiment,"(Ghanim et al., 2016)",htc,Manure,manure,,1.0,0.0,42.22,5.59,4.19,31.63,37.0,72.95,10.67,16.37,275.0,30.0,26.37,22.53,35.77,31.36
Wet-Waste-Biomass-Opt::htc::0220,paper1_htc_scope,observed_single_feed,observed,train,1.0,benchmark_trainable,Wet-Waste-Biomass-Opt,HTC_data.csv,literature_experiment,"(Ghanim et al., 2016)",htc,Manure,manure,,1.0,0.0,42.22,5.59,4.19,31.63,37.0,72.95,10.67,16.37,300.0,30.0,29.51,27.21,48.34,40.23
Wet-Waste-Biomass-Opt::htc::0221,paper1_htc_scope,observed_single_feed,observed,train,1.0,benchmark_trainable,Wet-Waste-Biomass-Opt,HTC_data.csv,literature_experiment,"(Ghanim et al., 2016)",htc,Manure,manure,,1.0,0.0,42.22,5.59,4.19,31.63,37.0,72.95,10.67,16.37,150.0,120.0,80.46,16.82,81.49,81.79
Wet-Waste-Biomass-Opt::htc::0222,paper1_htc_scope,observed_single_feed,observed,validation,1.0,benchmark_trainable,Wet-Waste-Biomass-Opt,HTC_data.csv,literature_experiment,"(Ghanim et al., 2016)",htc,Manure,manure,,1.0,0.0,42.22,5.59,4.19,31.63,37.0,72.95,10.67,16.37,175.0,120.0,41.94,19.63,49.57,48.13
Wet-Waste-Biomass-Opt::htc::0223,paper1_htc_scope,observed_single_feed,observed,train,1.0,benchmark_trainable,Wet-Waste-Biomass-Opt,HTC_data.csv,literature_experiment,"(Ghanim et al., 2016)",htc,Manure,manure,,1.0,0.0,42.22,5.59,4.19,31.63,37.0,72.95,10.67,16.37,200.0,120.0,45.76,22.29,61.4,56.4
Wet-Waste-Biomass-Opt::htc::0224,paper1_htc_scope,observed_single_feed,observed,validation,1.0,benchmark_trainable,Wet-Waste-Biomass-Opt,HTC_data.csv,literature_experiment,"(Ghanim et al., 2016)",htc,Manure,manure,,1.0,0.0,42.22,5.59,4.19,31.63,37.0,72.95,10.67,16.37,225.0,120.0,35.41,22.95,48.93,43.55
Wet-Waste-Biomass-Opt::htc::0225,paper1_htc_scope,observed_single_feed,observed,test,1.0,benchmark_trainable,Wet-Waste-Biomass-Opt,HTC_data.csv,literature_experiment,"(Ghanim et al., 2016)",htc,Manure,manure,,1.0,0.0,42.22,5.59,4.19,31.63,37.0,72.95,10.67,16.37,250.0,120.0,32.76,26.14,51.56,44.14
Wet-Waste-Biomass-Opt::htc::0226,paper1_htc_scope,observed_single_feed,observed,train,1.0,benchmark_trainable,Wet-Waste-Biomass-Opt,HTC_data.csv,literature_experiment,"(Ghanim et al., 2016)",htc,Manure,manure,,1.0,0.0,42.22,5.59,4.19,31.63,37.0,72.95,10.67,16.37,275.0,120.0,30.08,25.34,45.89,39.36
Wet-Waste-Biomass-Opt::htc::0227,paper1_htc_scope,observed_single_feed,observed,train,1.0,benchmark_trainable,Wet-Waste-Biomass-Opt,HTC_data.csv,literature_experiment,"(Ghanim et al., 2016)",htc,Manure,manure,,1.0,0.0,42.22,5.59,4.19,31.63,37.0,72.95,10.67,16.37,300.0,120.0,25.74,24.82,38.46,32.7
Wet-Waste-Biomass-Opt::htc::0228,paper1_htc_scope,observed_single_feed,observed,train,1.0,benchmark_trainable,Wet-Waste-Biomass-Opt,HTC_data.csv,literature_experiment,"(Ghanim et al., 2016)",htc,Manure,manure,,1.0,0.0,42.22,5.59,4.19,31.63,37.0,72.95,10.67,16.37,150.0,480.0,71.36,18.14,77.94,76.23
Wet-Waste-Biomass-Opt::htc::0229,paper1_htc_scope,observed_single_feed,observed,train,1.0,benchmark_trainable,Wet-Waste-Biomass-Opt,HTC_data.csv,literature_experiment,"(Ghanim et al., 2016)",htc,Manure,manure,,1.0,0.0,42.22,5.59,4.19,31.63,37.0,72.95,10.67,16.37,175.0,480.0,45.15,21.64,58.82,55.78
Wet-Waste-Biomass-Opt::htc::0230,paper1_htc_scope,observed_single_feed,observed,train,1.0,benchmark_trainable,Wet-Waste-Biomass-Opt,HTC_data.csv,literature_experiment,"(Ghanim et al., 2016)",htc,Manure,manure,,1.0,0.0,42.22,5.59,4.19,31.63,37.0,72.95,10.67,16.37,200.0,480.0,39.88,22.72,54.55,49.44
Wet-Waste-Biomass-Opt::htc::0231,paper1_htc_scope,observed_single_feed,observed,train,1.0,benchmark_trainable,Wet-Waste-Biomass-Opt,HTC_data.csv,literature_experiment,"(Ghanim et al., 2016)",htc,Manure,manure,,1.0,0.0,42.22,5.59,4.19,31.63,37.0,72.95,10.67,16.37,225.0,480.0,33.34,23.33,46.83,41.58
Wet-Waste-Biomass-Opt::htc::0232,paper1_htc_scope,observed_single_feed,observed,train,1.0,benchmark_trainable,Wet-Waste-Biomass-Opt,HTC_data.csv,literature_experiment,"(Ghanim et al., 2016)",htc,Manure,manure,,1.0,0.0,42.22,5.59,4.19,31.63,37.0,72.95,10.67,16.37,250.0,480.0,32.75,25.85,50.98,43.77
Wet-Waste-Biomass-Opt::htc::0233,paper1_htc_scope,observed_single_feed,observed,train,1.0,benchmark_trainable,Wet-Waste-Biomass-Opt,HTC_data.csv,literature_experiment,"(Ghanim et al., 2016)",htc,Manure,manure,,1.0,0.0,42.22,5.59,4.19,31.63,37.0,72.95,10.67,16.37,275.0,480.0,28.34,25.07,42.77,36.84
Wet-Waste-Biomass-Opt::htc::0234,paper1_htc_scope,observed_single_feed,observed,train,1.0,benchmark_trainable,Wet-Waste-Biomass-Opt,HTC_data.csv,literature_experiment,"(Ghanim et al., 2016)",htc,Manure,manure,,1.0,0.0,42.22,5.59,4.19,31.63,37.0,72.95,10.67,16.37,300.0,480.0,23.13,22.44,31.25,27.3
Wet-Waste-Biomass-Opt::htc::0235,paper1_htc_scope,observed_single_feed,observed,test,1.0,benchmark_trainable,Wet-Waste-Biomass-Opt,HTC_data.csv,literature_experiment,"(Ekpo et al., 2016)",htc,Manure,manure,,1.0,0.0,46.4,6.3,3.0,30.99,90.0,64.05,22.64,13.31,170.0,60.0,63.0,19.33,63.59,65.44
Wet-Waste-Biomass-Opt::htc::0236,paper1_htc_scope,observed_single_feed,observed,validation,1.0,benchmark_trainable,Wet-Waste-Biomass-Opt,HTC_data.csv,literature_experiment,"(Ekpo et al., 2016)",htc,Manure,manure,,1.0,0.0,46.4,6.3,3.0,30.99,90.0,64.05,22.64,13.31,250.0,60.0,51.0,24.5,65.24,61.22
Wet-Waste-Biomass-Opt::htc::0237,paper1_htc_scope,observed_single_feed,observed,train,1.0,benchmark_trainable,Wet-Waste-Biomass-Opt,HTC_data.csv,literature_experiment,"(Ekpo et al., 2016)",htc,Manure,manure,,1.0,0.0,46.4,6.3,3.0,30.99,90.0,64.05,22.64,13.31,350.0,60.0,29.0,23.52,35.62,32.81
Wet-Waste-Biomass-Opt::htc::0238,paper1_htc_scope,observed_single_feed,observed,train,1.0,benchmark_trainable,Wet-Waste-Biomass-Opt,HTC_data.csv,literature_experiment,"(Ekpo et al., 2016)",htc,Manure,manure,,1.0,0.0,46.4,6.3,3.0,30.99,90.0,64.05,22.64,13.31,500.0,30.0,18.0,19.78,18.6,19.28
Wet-Waste-Biomass-Opt::htc::0239,paper1_htc_scope,observed_single_feed,observed,train,1.0,benchmark_trainable,Wet-Waste-Biomass-Opt,HTC_data.csv,literature_experiment,"(Ekpo et al., 2016)",htc,Manure,manure,,1.0,0.0,46.4,6.3,3.0,30.99,90.0,64.05,22.64,13.31,170.0,60.0,44.0,21.34,50.32,50.21
Wet-Waste-Biomass-Opt::htc::0240,paper1_htc_scope,observed_single_feed,observed,train,1.0,benchmark_trainable,Wet-Waste-Biomass-Opt,HTC_data.csv,literature_experiment,"(Ekpo et al., 2016)",htc,Manure,manure,,1.0,0.0,46.4,6.3,3.0,30.99,90.0,64.05,22.64,13.31,250.0,60.0,32.0,27.25,46.74,43.66
Wet-Waste-Biomass-Opt::htc::0241,paper1_htc_scope,observed_single_feed,observed,train,1.0,benchmark_trainable,Wet-Waste-Biomass-Opt,HTC_data.csv,literature_experiment,"(Ekpo et al., 2016)",htc,Manure,manure,,1.0,0.0,46.4,6.3,3.0,30.99,90.0,64.05,22.64,13.31,350.0,60.0,15.0,25.33,20.37,18.69
Wet-Waste-Biomass-Opt::htc::0242,paper1_htc_scope,observed_single_feed,observed,train,1.0,benchmark_trainable,Wet-Waste-Biomass-Opt,HTC_data.csv,literature_experiment,"(Ekpo et al., 2016)",htc,Manure,manure,,1.0,0.0,46.4,6.3,3.0,30.99,90.0,64.05,22.64,13.31,500.0,30.0,11.0,20.24,11.93,12.25
Wet-Waste-Biomass-Opt::htc::0243,paper1_htc_scope,observed_single_feed,observed,train,1.0,benchmark_trainable,Wet-Waste-Biomass-Opt,HTC_data.csv,literature_experiment,"(Catalkopru et al., 2017)",htc,Manure,manure,,1.0,0.0,40.88,5.47,4.39,38.76,83.3,60.2,29.3,10.5,220.0,30.0,53.03,20.22,72.84,67.13
Wet-Waste-Biomass-Opt::htc::0244,paper1_htc_scope,observed_single_feed,observed,train,1.0,benchmark_trainable,Wet-Waste-Biomass-Opt,HTC_data.csv,literature_experiment,"(Catalkopru et al., 2017)",htc,Manure,manure,,1.0,0.0,40.88,5.47,4.39,38.76,80.0,60.2,29.3,10.5,220.0,30.0,58.68,19.76,78.78,73.15
Wet-Waste-Biomass-Opt::htc::0245,paper1_htc_scope,observed_single_feed,observed,train,1.0,benchmark_trainable,Wet-Waste-Biomass-Opt,HTC_data.csv,literature_experiment,"(Catalkopru et al., 2017)",htc,Manure,manure,,1.0,0.0,40.88,5.47,4.39,38.76,80.0,60.2,29.3,10.5,220.0,30.0,59.46,19.58,79.08,72.88
Wet-Waste-Biomass-Opt::htc::0246,paper1_htc_scope,observed_single_feed,observed,train,1.0,benchmark_trainable,Wet-Waste-Biomass-Opt,HTC_data.csv,literature_experiment,"(Catalkopru et al., 2017)",htc,Manure,manure,,1.0,0.0,40.88,5.47,4.39,38.76,80.0,60.2,29.3,10.5,220.0,30.0,62.45,19.22,81.55,76.32
Wet-Waste-Biomass-Opt::htc::0247,paper1_htc_scope,observed_single_feed,observed,test,1.0,benchmark_trainable,Wet-Waste-Biomass-Opt,HTC_data.csv,literature_experiment,"(Catalkopru et al., 2017)",htc,Manure,manure,,1.0,0.0,40.85,6.3,3.73,31.72,87.5,81.51,1.09,17.4,220.0,600.0,49.78,23.2,67.38,62.77
Wet-Waste-Biomass-Opt::htc::0248,paper1_htc_scope,observed_single_feed,observed,train,1.0,benchmark_trainable,Wet-Waste-Biomass-Opt,HTC_data.csv,literature_experiment,"(Reza et al., 2018)",htc,Manure,manure,,1.0,0.0,44.8,5.2,2.3,30.97,83.3,74.81,8.46,16.73,180.0,5.0,93.6,17.94,98.48,97.15
Wet-Waste-Biomass-Opt::htc::0249,paper1_htc_scope,observed_single_feed,observed,test,1.0,benchmark_trainable,Wet-Waste-Biomass-Opt,HTC_data.csv,literature_experiment,"(Reza et al., 2018)",htc,Manure,manure,,1.0,0.0,44.8,5.2,2.3,30.97,83.3,74.81,8.46,16.73,220.0,5.0,66.6,20.09,78.51,73.14
Wet-Waste-Biomass-Opt::htc::0250,paper1_htc_scope,observed_single_feed,observed,train,1.0,benchmark_trainable,Wet-Waste-Biomass-Opt,HTC_data.csv,literature_experiment,"(Reza et al., 2018)",htc,Manure,manure,,1.0,0.0,44.8,5.2,2.3,30.97,83.3,74.81,8.46,16.73,260.0,5.0,48.3,21.89,62.03,56.17
Wet-Waste-Biomass-Opt::htc::0251,paper1_htc_scope,observed_single_feed,observed,train,1.0,benchmark_trainable,Wet-Waste-Biomass-Opt,HTC_data.csv,literature_experiment,"(Reza et al., 2018)",htc,Manure,manure,,1.0,0.0,44.8,5.2,2.3,30.97,83.3,74.81,8.46,16.73,180.0,30.0,84.0,18.27,90.04,87.38
Wet-Waste-Biomass-Opt::htc::0252,paper1_htc_scope,observed_single_feed,observed,train,1.0,benchmark_trainable,Wet-Waste-Biomass-Opt,HTC_data.csv,literature_experiment,"(Reza et al., 2018)",htc,Manure,manure,,1.0,0.0,44.8,5.2,2.3,30.97,83.3,74.81,8.46,16.73,220.0,30.0,69.8,21.17,86.71,78.53
Wet-Waste-Biomass-Opt::htc::0253,paper1_htc_scope,observed_single_feed,observed,train,1.0,benchmark_trainable,Wet-Waste-Biomass-Opt,HTC_data.csv,literature_experiment,"(Reza et al., 2018)",htc,Manure,manure,,1.0,0.0,44.8,5.2,2.3,30.97,83.3,74.81,8.46,16.73,260.0,30.0,50.8,23.37,69.65,61.23
Wet-Waste-Biomass-Opt::htc::0400,paper1_htc_scope,observed_single_feed,observed,validation,1.0,benchmark_trainable,Wet-Waste-Biomass-Opt,HTC_data.csv,literature_experiment,"(Akarsu et al., 2019)",htc,Food waste,food_waste,,0.0,1.0,46.7,5.15,2.15,37.76,91.1,61.6,30.3,8.1,175.0,30.0,39.83,21.43,45.84,45.44
Wet-Waste-Biomass-Opt::htc::0401,paper1_htc_scope,observed_single_feed,observed,validation,1.0,benchmark_trainable,Wet-Waste-Biomass-Opt,HTC_data.csv,literature_experiment,"(Akarsu et al., 2019)",htc,Food waste,food_waste,,0.0,1.0,46.7,5.15,2.15,37.76,91.1,61.6,30.3,8.1,200.0,15.0,39.83,23.38,50.02,49.65
Wet-Waste-Biomass-Opt::htc::0402,paper1_htc_scope,observed_single_feed,observed,test,1.0,benchmark_trainable,Wet-Waste-Biomass-Opt,HTC_data.csv,literature_experiment,"(Akarsu et al., 2019)",htc,Food waste,food_waste,,0.0,1.0,46.7,5.15,2.15,37.76,91.1,61.6,30.3,8.1,200.0,30.0,44.61,24.59,58.92,57.58
Wet-Waste-Biomass-Opt::htc::0403,paper1_htc_scope,observed_single_feed,observed,train,1.0,benchmark_trainable,Wet-Waste-Biomass-Opt,HTC_data.csv,literature_experiment,"(Akarsu et al., 2019)",htc,Food waste,food_waste,,0.0,1.0,46.7,5.15,2.15,37.76,91.1,61.6,30.3,8.1,200.0,60.0,44.3,24.14,57.44,56.74
Wet-Waste-Biomass-Opt::htc::0404,paper1_htc_scope,observed_single_feed,observed,train,1.0,benchmark_trainable,Wet-Waste-Biomass-Opt,HTC_data.csv,literature_experiment,"(Akarsu et al., 2019)",htc,Food waste,food_waste,,0.0,1.0,46.7,5.15,2.15,37.76,91.1,61.6,30.3,8.1,200.0,120.0,49.85,25.22,67.52,66.15
Wet-Waste-Biomass-Opt::htc::0405,paper1_htc_scope,observed_single_feed,observed,train,1.0,benchmark_trainable,Wet-Waste-Biomass-Opt,HTC_data.csv,literature_experiment,"(Akarsu et al., 2019)",htc,Food waste,food_waste,,0.0,1.0,46.7,5.15,2.15,37.76,91.1,61.6,30.3,8.1,225.0,30.0,50.58,24.91,67.67,66.57
Wet-Waste-Biomass-Opt::htc::0406,paper1_htc_scope,observed_single_feed,observed,train,1.0,benchmark_trainable,Wet-Waste-Biomass-Opt,HTC_data.csv,literature_experiment,"(Akarsu et al., 2019)",htc,Food waste,food_waste,,0.0,1.0,46.7,5.15,2.15,37.76,91.1,61.6,30.3,8.1,250.0,30.0,44.63,26.86,64.38,62.51
Wet-Waste-Biomass-Opt::htc::0407,paper1_htc_scope,observed_single_feed,observed,train,1.0,benchmark_trainable,Wet-Waste-Biomass-Opt,HTC_data.csv,literature_experiment,"(Akarsu et al., 2019)",htc,Food waste,food_waste,,0.0,1.0,45.95,6.45,2.68,36.56,89.5,69.6,22.3,8.0,175.0,30.0,39.09,20.83,43.83,43.61
Wet-Waste-Biomass-Opt::htc::0408,paper1_htc_scope,observed_single_feed,observed,validation,1.0,benchmark_trainable,Wet-Waste-Biomass-Opt,HTC_data.csv,literature_experiment,"(Akarsu et al., 2019)",htc,Food waste,food_waste,,0.0,1.0,45.95,6.45,2.68,36.56,89.5,69.6,22.3,8.0,200.0,15.0,40.42,22.26,48.43,47.57
Wet-Waste-Biomass-Opt::htc::0409,paper1_htc_scope,observed_single_feed,observed,train,1.0,benchmark_trainable,Wet-Waste-Biomass-Opt,HTC_data.csv,literature_experiment,"(Akarsu et al., 2019)",htc,Food waste,food_waste,,0.0,1.0,45.95,6.45,2.68,36.56,89.5,69.6,22.3,8.0,200.0,30.0,43.79,23.76,56.01,54.84
Wet-Waste-Biomass-Opt::htc::0410,paper1_htc_scope,observed_single_feed,observed,validation,1.0,benchmark_trainable,Wet-Waste-Biomass-Opt,HTC_data.csv,literature_experiment,"(Akarsu et al., 2019)",htc,Food waste,food_waste,,0.0,1.0,45.95,6.45,2.68,36.56,89.5,69.6,22.3,8.0,200.0,60.0,43.31,24.15,56.3,54.26
Wet-Waste-Biomass-Opt::htc::0411,paper1_htc_scope,observed_single_feed,observed,train,1.0,benchmark_trainable,Wet-Waste-Biomass-Opt,HTC_data.csv,literature_experiment,"(Akarsu et al., 2019)",htc,Food waste,food_waste,,0.0,1.0,45.95,6.45,2.68,36.56,89.5,69.6,22.3,8.0,200.0,120.0,42.44,25.25,57.68,55.75
Wet-Waste-Biomass-Opt::htc::0412,paper1_htc_scope,observed_single_feed,observed,validation,1.0,benchmark_trainable,Wet-Waste-Biomass-Opt,HTC_data.csv,literature_experiment,"(Akarsu et al., 2019)",htc,Food waste,food_waste,,0.0,1.0,45.95,6.45,2.68,36.56,89.5,69.6,22.3,8.0,225.0,30.0,45.47,24.55,60.09,58.31
Wet-Waste-Biomass-Opt::htc::0413,paper1_htc_scope,observed_single_feed,observed,train,1.0,benchmark_trainable,Wet-Waste-Biomass-Opt,HTC_data.csv,literature_experiment,"(Akarsu et al., 2019)",htc,Food waste,food_waste,,0.0,1.0,45.95,6.45,2.68,36.56,89.5,69.6,22.3,8.0,250.0,30.0,34.46,27.0,50.08,47.81
Wet-Waste-Biomass-Opt::htc::0429,paper1_htc_scope,observed_single_feed,observed,train,1.0,benchmark_trainable,Wet-Waste-Biomass-Opt,HTC_data.csv,literature_experiment,"(Chen et al., 2018)",htc,Food waste,food_waste,,0.0,1.0,46.2,6.56,0.22,41.95,83.3,81.39,13.53,5.07,180.0,60.0,63.06,20.76,71.24,70.66
Wet-Waste-Biomass-Opt::htc::0430,paper1_htc_scope,observed_single_feed,observed,test,1.0,benchmark_trainable,Wet-Waste-Biomass-Opt,HTC_data.csv,literature_experiment,"(Chen et al., 2018)",htc,Food waste,food_waste,,0.0,1.0,46.2,6.56,0.22,41.95,83.3,81.39,13.53,5.07,200.0,60.0,63.79,21.68,75.26,74.55
Wet-Waste-Biomass-Opt::htc::0431,paper1_htc_scope,observed_single_feed,observed,test,1.0,benchmark_trainable,Wet-Waste-Biomass-Opt,HTC_data.csv,literature_experiment,"(Chen et al., 2018)",htc,Food waste,food_waste,,0.0,1.0,46.2,6.56,0.22,41.95,83.3,81.39,13.53,5.07,220.0,60.0,61.79,23.18,77.94,76.84
Wet-Waste-Biomass-Opt::htc::0432,paper1_htc_scope,observed_single_feed,observed,train,1.0,benchmark_trainable,Wet-Waste-Biomass-Opt,HTC_data.csv,literature_experiment,"(Chen et al., 2018)",htc,Food waste,food_waste,,0.0,1.0,46.2,6.56,0.22,41.95,83.3,81.39,13.53,5.07,240.0,60.0,56.06,25.13,76.66,75.44
Wet-Waste-Biomass-Opt::htc::0433,paper1_htc_scope,observed_single_feed,observed,train,1.0,benchmark_trainable,Wet-Waste-Biomass-Opt,HTC_data.csv,literature_experiment,"(Chen et al., 2018)",htc,Food waste,food_waste,,0.0,1.0,46.2,6.56,0.22,41.95,83.3,81.39,13.53,5.07,260.0,60.0,51.8,26.42,74.47,72.79
Wet-Waste-Biomass-Opt::htc::0434,paper1_htc_scope,observed_single_feed,observed,validation,1.0,benchmark_trainable,Wet-Waste-Biomass-Opt,HTC_data.csv,literature_experiment,"(Chen et al., 2018)",htc,Food waste,food_waste,,0.0,1.0,46.2,6.56,0.22,41.95,83.3,81.39,13.53,5.07,280.0,60.0,50.36,26.55,72.76,71.16
Wet-Waste-Biomass-Opt::htc::0435,paper1_htc_scope,observed_single_feed,observed,train,1.0,benchmark_trainable,Wet-Waste-Biomass-Opt,HTC_data.csv,literature_experiment,"(Chen et al., 2018)",htc,Food waste,food_waste,,0.0,1.0,46.2,6.56,0.22,41.95,83.3,81.39,13.53,5.07,300.0,60.0,48.25,27.4,71.94,70.11
Wet-Waste-Biomass-Opt::htc::0436,paper1_htc_scope,observed_single_feed,observed,validation,1.0,benchmark_trainable,Wet-Waste-Biomass-Opt,HTC_data.csv,literature_experiment,"(Chen et al., 2018)",htc,Food waste,food_waste,,0.0,1.0,46.2,6.56,0.22,41.95,83.3,81.39,13.53,5.07,240.0,120.0,53.33,25.73,74.67,73.36
Wet-Waste-Biomass-Opt::htc::0437,paper1_htc_scope,observed_single_feed,observed,train,1.0,benchmark_trainable,Wet-Waste-Biomass-Opt,HTC_data.csv,literature_experiment,"(Chen et al., 2018)",htc,Food waste,food_waste,,0.0,1.0,46.2,6.56,0.22,41.95,83.3,81.39,13.53,5.07,240.0,90.0,54.35,26.27,77.7,75.81
Wet-Waste-Biomass-Opt::htc::0438,paper1_htc_scope,observed_single_feed,observed,train,1.0,benchmark_trainable,Wet-Waste-Biomass-Opt,HTC_data.csv,literature_experiment,"(Chen et al., 2018)",htc,Food waste,food_waste,,0.0,1.0,46.2,6.56,0.22,41.95,83.3,81.39,13.53,5.07,240.0,30.0,57.03,24.15,74.95,73.86
Wet-Waste-Biomass-Opt::htc::0439,paper1_htc_scope,observed_single_feed,observed,test,1.0,benchmark_trainable,Wet-Waste-Biomass-Opt,HTC_data.csv,literature_experiment,"(Chen et al., 2018)",htc,Food waste,food_waste,,0.0,1.0,46.2,6.56,0.22,41.95,83.3,81.39,13.53,5.07,240.0,0.0,60.53,21.45,70.66,70.37
Wet-Waste-Biomass-Opt::htc::0448,paper1_htc_scope,observed_single_feed,observed,validation,1.0,benchmark_trainable,Wet-Waste-Biomass-Opt,HTC_data.csv,literature_experiment,"(Yao et al., 2016)",htc,Food waste,food_waste,,0.0,1.0,47.06,6.85,0.83,37.08,95.2,76.11,15.71,8.18,150.0,60.0,77.93,19.11,78.87,79.11
Wet-Waste-Biomass-Opt::htc::0449,paper1_htc_scope,observed_single_feed,observed,train,1.0,benchmark_trainable,Wet-Waste-Biomass-Opt,HTC_data.csv,literature_experiment,"(Yao et al., 2016)",htc,Food waste,food_waste,,0.0,1.0,47.06,6.85,0.83,37.08,95.2,76.11,15.71,8.18,180.0,60.0,63.68,20.71,69.84,69.42
Wet-Waste-Biomass-Opt::htc::0450,paper1_htc_scope,observed_single_feed,observed,test,1.0,benchmark_trainable,Wet-Waste-Biomass-Opt,HTC_data.csv,literature_experiment,"(Yao et al., 2016)",htc,Food waste,food_waste,,0.0,1.0,47.06,6.85,0.83,37.08,95.2,76.11,15.71,8.18,210.0,60.0,60.55,21.6,69.27,68.54
Wet-Waste-Biomass-Opt::htc::0451,paper1_htc_scope,observed_single_feed,observed,test,1.0,benchmark_trainable,Wet-Waste-Biomass-Opt,HTC_data.csv,literature_experiment,"(Yao et al., 2016)",htc,Food waste,food_waste,,0.0,1.0,47.06,6.85,0.83,37.08,95.2,76.11,15.71,8.18,240.0,60.0,46.25,25.72,63.0,60.54
Wet-Waste-Biomass-Opt::htc::0452,paper1_htc_scope,observed_single_feed,observed,train,1.0,benchmark_trainable,Wet-Waste-Biomass-Opt,HTC_data.csv,literature_experiment,"(Yao et al., 2016)",htc,Food waste,food_waste,,0.0,1.0,47.06,6.85,0.83,37.08,95.2,76.11,15.71,8.18,270.0,60.0,30.95,29.71,48.7,45.62
Wet-Waste-Biomass-Opt::htc::0453,paper1_htc_scope,observed_single_feed,observed,train,1.0,benchmark_trainable,Wet-Waste-Biomass-Opt,HTC_data.csv,literature_experiment,"(Yao et al., 2016)",htc,Food waste,food_waste,,0.0,1.0,47.06,6.85,0.83,37.08,95.2,76.11,15.71,8.18,300.0,60.0,29.0,29.69,45.6,43.27
Wet-Waste-Biomass-Opt::htc::0454,paper1_htc_scope,observed_single_feed,observed,test,1.0,benchmark_trainable,Wet-Waste-Biomass-Opt,HTC_data.csv,literature_experiment,"(Yao et al., 2016)",htc,Food waste,food_waste,,0.0,1.0,47.06,6.85,0.83,37.08,95.2,76.11,15.71,8.18,240.0,30.0,50.96,25.03,67.55,64.97
Wet-Waste-Biomass-Opt::htc::0455,paper1_htc_scope,observed_single_feed,observed,validation,1.0,benchmark_trainable,Wet-Waste-Biomass-Opt,HTC_data.csv,literature_experiment,"(Yao et al., 2016)",htc,Food waste,food_waste,,0.0,1.0,47.06,6.85,0.83,37.08,95.2,76.11,15.71,8.18,240.0,45.0,47.55,25.35,63.84,61.46
Wet-Waste-Biomass-Opt::htc::0456,paper1_htc_scope,observed_single_feed,observed,train,1.0,benchmark_trainable,Wet-Waste-Biomass-Opt,HTC_data.csv,literature_experiment,"(Yao et al., 2016)",htc,Food waste,food_waste,,0.0,1.0,47.06,6.85,0.83,37.08,95.2,76.11,15.71,8.18,240.0,90.0,41.24,27.61,60.3,57.26
Wet-Waste-Biomass-Opt::htc::0457,paper1_htc_scope,observed_single_feed,observed,train,1.0,benchmark_trainable,Wet-Waste-Biomass-Opt,HTC_data.csv,literature_experiment,"(Yao et al., 2016)",htc,Food waste,food_waste,,0.0,1.0,47.06,6.85,0.83,37.08,95.2,76.11,15.71,8.18,240.0,120.0,40.15,27.71,58.92,56.29
Wet-Waste-Biomass-Opt::htc::0458,paper1_htc_scope,observed_single_feed,observed,train,1.0,benchmark_trainable,Wet-Waste-Biomass-Opt,HTC_data.csv,literature_experiment,"(Yao et al., 2016)",htc,Food waste,food_waste,,0.0,1.0,47.06,6.85,0.83,37.08,95.2,76.11,15.71,8.18,240.0,180.0,40.0,28.11,59.55,56.63
Waste2Energy::mixed_htc::0001,paper1_htc_scope,synthetic_blended_reference,synthetic,augmentation,0.35,augmentation_or_scenario_screening,Waste2EnergyDerived,mixed_feature_generation,synthetic_blended_reference,weighted_blend_from_repository_references,htc,beef_manure_plus_food_waste,mixed_manure_wet_waste,beef,0.7,0.3,43.339,5.880999999999999,3.289,33.108999999999995,74.3,74.798,11.927,13.889,200.0,60.0,45.69,16.990000000000002,50.64817346938776,58.2065
Waste2Energy::mixed_htc::0002,paper1_htc_scope,synthetic_blended_reference,synthetic,augmentation,0.35,augmentation_or_scenario_screening,Waste2EnergyDerived,mixed_feature_generation,synthetic_blended_reference,weighted_blend_from_repository_references,htc,beef_manure_plus_food_waste,mixed_manure_wet_waste,beef,0.7,0.3,43.339,5.880999999999999,3.289,33.108999999999995,74.3,74.798,11.927,13.889,180.0,60.0,45.69,16.990000000000002,50.64817346938776,58.2065
Waste2Energy::mixed_htc::0003,paper1_htc_scope,synthetic_blended_reference,synthetic,augmentation,0.35,augmentation_or_scenario_screening,Waste2EnergyDerived,mixed_feature_generation,synthetic_blended_reference,weighted_blend_from_repository_references,htc,beef_manure_plus_food_waste,mixed_manure_wet_waste,beef,0.7,0.3,43.339,5.880999999999999,3.289,33.108999999999995,74.3,74.798,11.927,13.889,180.0,120.0,45.69,16.990000000000002,50.64817346938776,58.2065
Waste2Energy::mixed_htc::0004,paper1_htc_scope,synthetic_blended_reference,synthetic,augmentation,0.35,augmentation_or_scenario_screening,Waste2EnergyDerived,mixed_feature_generation,synthetic_blended_reference,weighted_blend_from_repository_references,htc,beef_manure_plus_food_waste,mixed_manure_wet_waste,beef,0.7,0.3,43.339,5.880999999999999,3.289,33.108999999999995,74.3,74.798,11.927,13.889,190.0,15.0,45.69,16.990000000000002,50.64817346938776,58.2065
Waste2Energy::mixed_htc::0005,paper1_htc_scope,synthetic_blended_reference,synthetic,augmentation,0.35,augmentation_or_scenario_screening,Waste2EnergyDerived,mixed_feature_generation,synthetic_blended_reference,weighted_blend_from_repository_references,htc,beef_manure_plus_food_waste,mixed_manure_wet_waste,beef,0.5,0.5,44.085,6.074999999999999,3.115,34.095,78.5,76.03,12.765,12.235,200.0,60.0,45.15,19.15,53.34583819241983,58.5275
Waste2Energy::mixed_htc::0006,paper1_htc_scope,synthetic_blended_reference,synthetic,augmentation,0.35,augmentation_or_scenario_screening,Waste2EnergyDerived,mixed_feature_generation,synthetic_blended_reference,weighted_blend_from_repository_references,htc,beef_manure_plus_food_waste,mixed_manure_wet_waste,beef,0.5,0.5,44.085,6.074999999999999,3.115,34.095,78.5,76.03,12.765,12.235,180.0,60.0,45.15,19.15,53.34583819241983,58.5275
Waste2Energy::mixed_htc::0007,paper1_htc_scope,synthetic_blended_reference,synthetic,augmentation,0.35,augmentation_or_scenario_screening,Waste2EnergyDerived,mixed_feature_generation,synthetic_blended_reference,weighted_blend_from_repository_references,htc,beef_manure_plus_food_waste,mixed_manure_wet_waste,beef,0.5,0.5,44.085,6.074999999999999,3.115,34.095,78.5,76.03,12.765,12.235,180.0,120.0,45.15,19.15,53.34583819241983,58.5275
Waste2Energy::mixed_htc::0008,paper1_htc_scope,synthetic_blended_reference,synthetic,augmentation,0.35,augmentation_or_scenario_screening,Waste2EnergyDerived,mixed_feature_generation,synthetic_blended_reference,weighted_blend_from_repository_references,htc,beef_manure_plus_food_waste,mixed_manure_wet_waste,beef,0.5,0.5,44.085,6.074999999999999,3.115,34.095,78.5,76.03,12.765,12.235,190.0,15.0,45.15,19.15,53.34583819241983,58.5275
Waste2Energy::mixed_htc::0009,paper1_htc_scope,synthetic_blended_reference,synthetic,augmentation,0.35,augmentation_or_scenario_screening,Waste2EnergyDerived,mixed_feature_generation,synthetic_blended_reference,weighted_blend_from_repository_references,htc,beef_manure_plus_food_waste,mixed_manure_wet_waste,beef,0.3,0.7,44.831,6.268999999999999,2.941,35.081,82.69999999999999,77.262,13.603,10.581,200.0,60.0,44.61,21.31,56.043502915451896,58.8485
Waste2Energy::mixed_htc::0010,paper1_htc_scope,synthetic_blended_reference,synthetic,augmentation,0.35,augmentation_or_scenario_screening,Waste2EnergyDerived,mixed_feature_generation,synthetic_blended_reference,weighted_blend_from_repository_references,htc,beef_manure_plus_food_waste,mixed_manure_wet_waste,beef,0.3,0.7,44.831,6.268999999999999,2.941,35.081,82.69999999999999,77.262,13.603,10.581,180.0,60.0,44.61,21.31,56.043502915451896,58.8485
Waste2Energy::mixed_htc::0011,paper1_htc_scope,synthetic_blended_reference,synthetic,augmentation,0.35,augmentation_or_scenario_screening,Waste2EnergyDerived,mixed_feature_generation,synthetic_blended_reference,weighted_blend_from_repository_references,htc,beef_manure_plus_food_waste,mixed_manure_wet_waste,beef,0.3,0.7,44.831,6.268999999999999,2.941,35.081,82.69999999999999,77.262,13.603,10.581,180.0,120.0,44.61,21.31,56.043502915451896,58.8485
Waste2Energy::mixed_htc::0012,paper1_htc_scope,synthetic_blended_reference,synthetic,augmentation,0.35,augmentation_or_scenario_screening,Waste2EnergyDerived,mixed_feature_generation,synthetic_blended_reference,weighted_blend_from_repository_references,htc,beef_manure_plus_food_waste,mixed_manure_wet_waste,beef,0.3,0.7,44.831,6.268999999999999,2.941,35.081,82.69999999999999,77.262,13.603,10.581,190.0,15.0,44.61,21.31,56.043502915451896,58.8485
Waste2Energy::mixed_htc::0013,paper1_htc_scope,synthetic_blended_reference,synthetic,augmentation,0.35,augmentation_or_scenario_screening,Waste2EnergyDerived,mixed_feature_generation,synthetic_blended_reference,weighted_blend_from_repository_references,htc,dairy_manure_plus_food_waste,mixed_manure_wet_waste,dairy,0.7,0.3,43.339,5.880999999999999,3.289,33.108999999999995,77.1,74.798,11.927,13.889,200.0,60.0,43.24699999999999,18.075,48.212917431192665,58.2065
Waste2Energy::mixed_htc::0014,paper1_htc_scope,synthetic_blended_reference,synthetic,augmentation,0.35,augmentation_or_scenario_screening,Waste2EnergyDerived,mixed_feature_generation,synthetic_blended_reference,weighted_blend_from_repository_references,htc,dairy_manure_plus_food_waste,mixed_manure_wet_waste,dairy,0.7,0.3,43.339,5.880999999999999,3.289,33.108999999999995,77.1,74.798,11.927,13.889,180.0,60.0,43.24699999999999,18.075,48.212917431192665,58.2065
Waste2Energy::mixed_htc::0015,paper1_htc_scope,synthetic_blended_reference,synthetic,augmentation,0.35,augmentation_or_scenario_screening,Waste2EnergyDerived,mixed_feature_generation,synthetic_blended_reference,weighted_blend_from_repository_references,htc,dairy_manure_plus_food_waste,mixed_manure_wet_waste,dairy,0.7,0.3,43.339,5.880999999999999,3.289,33.108999999999995,77.1,74.798,11.927,13.889,180.0,120.0,43.24699999999999,18.075,48.212917431192665,58.2065
Waste2Energy::mixed_htc::0016,paper1_htc_scope,synthetic_blended_reference,synthetic,augmentation,0.35,augmentation_or_scenario_screening,Waste2EnergyDerived,mixed_feature_generation,synthetic_blended_reference,weighted_blend_from_repository_references,htc,dairy_manure_plus_food_waste,mixed_manure_wet_waste,dairy,0.7,0.3,43.339,5.880999999999999,3.289,33.108999999999995,77.1,74.798,11.927,13.889,190.0,15.0,43.24699999999999,18.075,48.212917431192665,58.2065
Waste2Energy::mixed_htc::0017,paper1_htc_scope,synthetic_blended_reference,synthetic,augmentation,0.35,augmentation_or_scenario_screening,Waste2EnergyDerived,mixed_feature_generation,synthetic_blended_reference,weighted_blend_from_repository_references,htc,dairy_manure_plus_food_waste,mixed_manure_wet_waste,dairy,0.5,0.5,44.085,6.074999999999999,3.115,34.095,80.5,76.03,12.765,12.235,200.0,60.0,43.405,19.925,51.60636959370905,58.5275
Waste2Energy::mixed_htc::0018,paper1_htc_scope,synthetic_blended_reference,synthetic,augmentation,0.35,augmentation_or_scenario_screening,Waste2EnergyDerived,mixed_feature_generation,synthetic_blended_reference,weighted_blend_from_repository_references,htc,dairy_manure_plus_food_waste,mixed_manure_wet_waste,dairy,0.5,0.5,44.085,6.074999999999999,3.115,34.095,80.5,76.03,12.765,12.235,180.0,60.0,43.405,19.925,51.60636959370905,58.5275
Waste2Energy::mixed_htc::0019,paper1_htc_scope,synthetic_blended_reference,synthetic,augmentation,0.35,augmentation_or_scenario_screening,Waste2EnergyDerived,mixed_feature_generation,synthetic_blended_reference,weighted_blend_from_repository_references,htc,dairy_manure_plus_food_waste,mixed_manure_wet_waste,dairy,0.5,0.5,44.085,6.074999999999999,3.115,34.095,80.5,76.03,12.765,12.235,180.0,120.0,43.405,19.925,51.60636959370905,58.5275
Waste2Energy::mixed_htc::0020,paper1_htc_scope,synthetic_blended_reference,synthetic,augmentation,0.35,augmentation_or_scenario_screening,Waste2EnergyDerived,mixed_feature_generation,synthetic_blended_reference,weighted_blend_from_repository_references,htc,dairy_manure_plus_food_waste,mixed_manure_wet_waste,dairy,0.5,0.5,44.085,6.074999999999999,3.115,34.095,80.5,76.03,12.765,12.235,190.0,15.0,43.405,19.925,51.60636959370905,58.5275
Waste2Energy::mixed_htc::0021,paper1_htc_scope,synthetic_blended_reference,synthetic,augmentation,0.35,augmentation_or_scenario_screening,Waste2EnergyDerived,mixed_feature_generation,synthetic_blended_reference,weighted_blend_from_repository_references,htc,dairy_manure_plus_food_waste,mixed_manure_wet_waste,dairy,0.3,0.7,44.831,6.268999999999999,2.941,35.081,83.89999999999999,77.262,13.603,10.581,200.0,60.0,43.563,21.775,54.99982175622543,58.8485
Waste2Energy::mixed_htc::0022,paper1_htc_scope,synthetic_blended_reference,synthetic,augmentation,0.35,augmentation_or_scenario_screening,Waste2EnergyDerived,mixed_feature_generation,synthetic_blended_reference,weighted_blend_from_repository_references,htc,dairy_manure_plus_food_waste,mixed_manure_wet_waste,dairy,0.3,0.7,44.831,6.268999999999999,2.941,35.081,83.89999999999999,77.262,13.603,10.581,180.0,60.0,43.563,21.775,54.99982175622543,58.8485
Waste2Energy::mixed_htc::0023,paper1_htc_scope,synthetic_blended_reference,synthetic,augmentation,0.35,augmentation_or_scenario_screening,Waste2EnergyDerived,mixed_feature_generation,synthetic_blended_reference,weighted_blend_from_repository_references,htc,dairy_manure_plus_food_waste,mixed_manure_wet_waste,dairy,0.3,0.7,44.831,6.268999999999999,2.941,35.081,83.89999999999999,77.262,13.603,10.581,180.0,120.0,43.563,21.775,54.99982175622543,58.8485
Waste2Energy::mixed_htc::0024,paper1_htc_scope,synthetic_blended_reference,synthetic,augmentation,0.35,augmentation_or_scenario_screening,Waste2EnergyDerived,mixed_feature_generation,synthetic_blended_reference,weighted_blend_from_repository_references,htc,dairy_manure_plus_food_waste,mixed_manure_wet_waste,dairy,0.3,0.7,44.831,6.268999999999999,2.941,35.081,83.89999999999999,77.262,13.603,10.581,190.0,15.0,43.563,21.775,54.99982175622543,58.8485
Waste2Energy::mixed_htc::0025,paper1_htc_scope,synthetic_blended_reference,synthetic,augmentation,0.35,augmentation_or_scenario_screening,Waste2EnergyDerived,mixed_feature_generation,synthetic_blended_reference,weighted_blend_from_repository_references,htc,goat_manure_plus_food_waste,mixed_manure_wet_waste,goat,0.7,0.3,43.339,5.880999999999999,3.289,33.108999999999995,80.6,74.798,11.927,13.889,200.0,60.0,47.202,14.038604,39.11399079559018,58.2065
Waste2Energy::mixed_htc::0026,paper1_htc_scope,synthetic_blended_reference,synthetic,augmentation,0.35,augmentation_or_scenario_screening,Waste2EnergyDerived,mixed_feature_generation,synthetic_blended_reference,weighted_blend_from_repository_references,htc,goat_manure_plus_food_waste,mixed_manure_wet_waste,goat,0.7,0.3,43.339,5.880999999999999,3.289,33.108999999999995,80.6,74.798,11.927,13.889,180.0,60.0,47.202,14.038604,39.11399079559018,58.2065
Waste2Energy::mixed_htc::0027,paper1_htc_scope,synthetic_blended_reference,synthetic,augmentation,0.35,augmentation_or_scenario_screening,Waste2EnergyDerived,mixed_feature_generation,synthetic_blended_reference,weighted_blend_from_repository_references,htc,goat_manure_plus_food_waste,mixed_manure_wet_waste,goat,0.7,0.3,43.339,5.880999999999999,3.289,33.108999999999995,80.6,74.798,11.927,13.889,180.0,120.0,47.202,14.038604,39.11399079559018,58.2065
Waste2Energy::mixed_htc::0028,paper1_htc_scope,synthetic_blended_reference,synthetic,augmentation,0.35,augmentation_or_scenario_screening,Waste2EnergyDerived,mixed_feature_generation,synthetic_blended_reference,weighted_blend_from_repository_references,htc,goat_manure_plus_food_waste,mixed_manure_wet_waste,goat,0.7,0.3,43.339,5.880999999999999,3.289,33.108999999999995,80.6,74.798,11.927,13.889,190.0,15.0,47.202,14.038604,39.11399079559018,58.2065
Waste2Energy::mixed_htc::0029,paper1_htc_scope,synthetic_blended_reference,synthetic,augmentation,0.35,augmentation_or_scenario_screening,Waste2EnergyDerived,mixed_feature_generation,synthetic_blended_reference,weighted_blend_from_repository_references,htc,goat_manure_plus_food_waste,mixed_manure_wet_waste,goat,0.5,0.5,44.085,6.074999999999999,3.115,34.095,83.0,76.03,12.765,12.235,200.0,60.0,46.23,17.04186,45.10713628256442,58.5275
Waste2Energy::mixed_htc::0030,paper1_htc_scope,synthetic_blended_reference,synthetic,augmentation,0.35,augmentation_or_scenario_screening,Waste2EnergyDerived,mixed_feature_generation,synthetic_blended_reference,weighted_blend_from_repository_references,htc,goat_manure_plus_food_waste,mixed_manure_wet_waste,goat,0.5,0.5,44.085,6.074999999999999,3.115,34.095,83.0,76.03,12.765,12.235,180.0,60.0,46.23,17.04186,45.10713628256442,58.5275
Waste2Energy::mixed_htc::0031,paper1_htc_scope,synthetic_blended_reference,synthetic,augmentation,0.35,augmentation_or_scenario_screening,Waste2EnergyDerived,mixed_feature_generation,synthetic_blended_reference,weighted_blend_from_repository_references,htc,goat_manure_plus_food_waste,mixed_manure_wet_waste,goat,0.5,0.5,44.085,6.074999999999999,3.115,34.095,83.0,76.03,12.765,12.235,180.0,120.0,46.23,17.04186,45.10713628256442,58.5275
Waste2Energy::mixed_htc::0032,paper1_htc_scope,synthetic_blended_reference,synthetic,augmentation,0.35,augmentation_or_scenario_screening,Waste2EnergyDerived,mixed_feature_generation,synthetic_blended_reference,weighted_blend_from_repository_references,htc,goat_manure_plus_food_waste,mixed_manure_wet_waste,goat,0.5,0.5,44.085,6.074999999999999,3.115,34.095,83.0,76.03,12.765,12.235,190.0,15.0,46.23,17.04186,45.10713628256442,58.5275
Waste2Energy::mixed_htc::0033,paper1_htc_scope,synthetic_blended_reference,synthetic,augmentation,0.35,augmentation_or_scenario_screening,Waste2EnergyDerived,mixed_feature_generation,synthetic_blended_reference,weighted_blend_from_repository_references,htc,goat_manure_plus_food_waste,mixed_manure_wet_waste,goat,0.3,0.7,44.831,6.268999999999999,2.941,35.081,85.39999999999999,77.262,13.603,10.581,200.0,60.0,45.258,20.045116,51.100281769538654,58.8485
Waste2Energy::mixed_htc::0034,paper1_htc_scope,synthetic_blended_reference,synthetic,augmentation,0.35,augmentation_or_scenario_screening,Waste2EnergyDerived,mixed_feature_generation,synthetic_blended_reference,weighted_blend_from_repository_references,htc,goat_manure_plus_food_waste,mixed_manure_wet_waste,goat,0.3,0.7,44.831,6.268999999999999,2.941,35.081,85.39999999999999,77.262,13.603,10.581,180.0,60.0,45.258,20.045116,51.100281769538654,58.8485
Waste2Energy::mixed_htc::0035,paper1_htc_scope,synthetic_blended_reference,synthetic,augmentation,0.35,augmentation_or_scenario_screening,Waste2EnergyDerived,mixed_feature_generation,synthetic_blended_reference,weighted_blend_from_repository_references,htc,goat_manure_plus_food_waste,mixed_manure_wet_waste,goat,0.3,0.7,44.831,6.268999999999999,2.941,35.081,85.39999999999999,77.262,13.603,10.581,180.0,120.0,45.258,20.045116,51.100281769538654,58.8485
Waste2Energy::mixed_htc::0036,paper1_htc_scope,synthetic_blended_reference,synthetic,augmentation,0.35,augmentation_or_scenario_screening,Waste2EnergyDerived,mixed_feature_generation,synthetic_blended_reference,weighted_blend_from_repository_references,htc,goat_manure_plus_food_waste,mixed_manure_wet_waste,goat,0.3,0.7,44.831,6.268999999999999,2.941,35.081,85.39999999999999,77.262,13.603,10.581,190.0,15.0,45.258,20.045116,51.100281769538654,58.8485
Waste2Energy::mixed_htc::0037,paper1_htc_scope,synthetic_blended_reference,synthetic,augmentation,0.35,augmentation_or_scenario_screening,Waste2EnergyDerived,mixed_feature_generation,synthetic_blended_reference,weighted_blend_from_repository_references,htc,poultry_manure_plus_food_waste,mixed_manure_wet_waste,poultry,0.7,0.3,43.339,5.880999999999999,3.289,33.108999999999995,77.8,74.798,11.927,13.889,200.0,60.0,45.858,16.185,45.1485,58.2065
Waste2Energy::mixed_htc::0038,paper1_htc_scope,synthetic_blended_reference,synthetic,augmentation,0.35,augmentation_or_scenario_screening,Waste2EnergyDerived,mixed_feature_generation,synthetic_blended_reference,weighted_blend_from_repository_references,htc,poultry_manure_plus_food_waste,mixed_manure_wet_waste,poultry,0.7,0.3,43.339,5.880999999999999,3.289,33.108999999999995,77.8,74.798,11.927,13.889,180.0,60.0,45.858,16.185,45.1485,58.2065
Waste2Energy::mixed_htc::0039,paper1_htc_scope,synthetic_blended_reference,synthetic,augmentation,0.35,augmentation_or_scenario_screening,Waste2EnergyDerived,mixed_feature_generation,synthetic_blended_reference,weighted_blend_from_repository_references,htc,poultry_manure_plus_food_waste,mixed_manure_wet_waste,poultry,0.7,0.3,43.339,5.880999999999999,3.289,33.108999999999995,77.8,74.798,11.927,13.889,180.0,120.0,45.858,16.185,45.1485,58.2065
Waste2Energy::mixed_htc::0040,paper1_htc_scope,synthetic_blended_reference,synthetic,augmentation,0.35,augmentation_or_scenario_screening,Waste2EnergyDerived,mixed_feature_generation,synthetic_blended_reference,weighted_blend_from_repository_references,htc,poultry_manure_plus_food_waste,mixed_manure_wet_waste,poultry,0.7,0.3,43.339,5.880999999999999,3.289,33.108999999999995,77.8,74.798,11.927,13.889,190.0,15.0,45.858,16.185,45.1485,58.2065
Waste2Energy::mixed_htc::0041,paper1_htc_scope,synthetic_blended_reference,synthetic,augmentation,0.35,augmentation_or_scenario_screening,Waste2EnergyDerived,mixed_feature_generation,synthetic_blended_reference,weighted_blend_from_repository_references,htc,poultry_manure_plus_food_waste,mixed_manure_wet_waste,poultry,0.5,0.5,44.085,6.074999999999999,3.115,34.095,81.0,76.03,12.765,12.235,200.0,60.0,45.27,18.575,49.4175,58.5275
Waste2Energy::mixed_htc::0042,paper1_htc_scope,synthetic_blended_reference,synthetic,augmentation,0.35,augmentation_or_scenario_screening,Waste2EnergyDerived,mixed_feature_generation,synthetic_blended_reference,weighted_blend_from_repository_references,htc,poultry_manure_plus_food_waste,mixed_manure_wet_waste,poultry,0.5,0.5,44.085,6.074999999999999,3.115,34.095,81.0,76.03,12.765,12.235,180.0,60.0,45.27,18.575,49.4175,58.5275
Waste2Energy::mixed_htc::0043,paper1_htc_scope,synthetic_blended_reference,synthetic,augmentation,0.35,augmentation_or_scenario_screening,Waste2EnergyDerived,mixed_feature_generation,synthetic_blended_reference,weighted_blend_from_repository_references,htc,poultry_manure_plus_food_waste,mixed_manure_wet_waste,poultry,0.5,0.5,44.085,6.074999999999999,3.115,34.095,81.0,76.03,12.765,12.235,180.0,120.0,45.27,18.575,49.4175,58.5275
Waste2Energy::mixed_htc::0044,paper1_htc_scope,synthetic_blended_reference,synthetic,augmentation,0.35,augmentation_or_scenario_screening,Waste2EnergyDerived,mixed_feature_generation,synthetic_blended_reference,weighted_blend_from_repository_references,htc,poultry_manure_plus_food_waste,mixed_manure_wet_waste,poultry,0.5,0.5,44.085,6.074999999999999,3.115,34.095,81.0,76.03,12.765,12.235,190.0,15.0,45.27,18.575,49.4175,58.5275
Waste2Energy::mixed_htc::0045,paper1_htc_scope,synthetic_blended_reference,synthetic,augmentation,0.35,augmentation_or_scenario_screening,Waste2EnergyDerived,mixed_feature_generation,synthetic_blended_reference,weighted_blend_from_repository_references,htc,poultry_manure_plus_food_waste,mixed_manure_wet_waste,poultry,0.3,0.7,44.831,6.268999999999999,2.941,35.081,84.19999999999999,77.262,13.603,10.581,200.0,60.0,44.682,20.965,53.6865,58.8485
Waste2Energy::mixed_htc::0046,paper1_htc_scope,synthetic_blended_reference,synthetic,augmentation,0.35,augmentation_or_scenario_screening,Waste2EnergyDerived,mixed_feature_generation,synthetic_blended_reference,weighted_blend_from_repository_references,htc,poultry_manure_plus_food_waste,mixed_manure_wet_waste,poultry,0.3,0.7,44.831,6.268999999999999,2.941,35.081,84.19999999999999,77.262,13.603,10.581,180.0,60.0,44.682,20.965,53.6865,58.8485
Waste2Energy::mixed_htc::0047,paper1_htc_scope,synthetic_blended_reference,synthetic,augmentation,0.35,augmentation_or_scenario_screening,Waste2EnergyDerived,mixed_feature_generation,synthetic_blended_reference,weighted_blend_from_repository_references,htc,poultry_manure_plus_food_waste,mixed_manure_wet_waste,poultry,0.3,0.7,44.831,6.268999999999999,2.941,35.081,84.19999999999999,77.262,13.603,10.581,180.0,120.0,44.682,20.965,53.6865,58.8485
Waste2Energy::mixed_htc::0048,paper1_htc_scope,synthetic_blended_reference,synthetic,augmentation,0.35,augmentation_or_scenario_screening,Waste2EnergyDerived,mixed_feature_generation,synthetic_blended_reference,weighted_blend_from_repository_references,htc,poultry_manure_plus_food_waste,mixed_manure_wet_waste,poultry,0.3,0.7,44.831,6.268999999999999,2.941,35.081,84.19999999999999,77.262,13.603,10.581,190.0,15.0,44.682,20.965,53.6865,58.8485
Waste2Energy::mixed_htc::0049,paper1_htc_scope,synthetic_blended_reference,synthetic,augmentation,0.35,augmentation_or_scenario_screening,Waste2EnergyDerived,mixed_feature_generation,synthetic_blended_reference,weighted_blend_from_repository_references,htc,swine_manure_plus_food_waste,mixed_manure_wet_waste,swine,0.7,0.3,43.339,5.880999999999999,3.289,33.108999999999995,79.89999999999999,74.798,11.927,13.889,200.0,60.0,45.9,13.011102,37.47711505366901,58.2065
Waste2Energy::mixed_htc::0050,paper1_htc_scope,synthetic_blended_reference,synthetic,augmentation,0.35,augmentation_or_scenario_screening,Waste2EnergyDerived,mixed_feature_generation,synthetic_blended_reference,weighted_blend_from_repository_references,htc,swine_manure_plus_food_waste,mixed_manure_wet_waste,swine,0.7,0.3,43.339,5.880999999999999,3.289,33.108999999999995,79.89999999999999,74.798,11.927,13.889,180.0,60.0,45.9,13.011102,37.47711505366901,58.2065
Waste2Energy::mixed_htc::0051,paper1_htc_scope,synthetic_blended_reference,synthetic,augmentation,0.35,augmentation_or_scenario_screening,Waste2EnergyDerived,mixed_feature_generation,synthetic_blended_reference,weighted_blend_from_repository_references,htc,swine_manure_plus_food_waste,mixed_manure_wet_waste,swine,0.7,0.3,43.339,5.880999999999999,3.289,33.108999999999995,79.89999999999999,74.798,11.927,13.889,180.0,120.0,45.9,13.011102,37.47711505366901,58.2065
Waste2Energy::mixed_htc::0052,paper1_htc_scope,synthetic_blended_reference,synthetic,augmentation,0.35,augmentation_or_scenario_screening,Waste2EnergyDerived,mixed_feature_generation,synthetic_blended_reference,weighted_blend_from_repository_references,htc,swine_manure_plus_food_waste,mixed_manure_wet_waste,swine,0.7,0.3,43.339,5.880999999999999,3.289,33.108999999999995,79.89999999999999,74.798,11.927,13.889,190.0,15.0,45.9,13.011102,37.47711505366901,58.2065
Waste2Energy::mixed_htc::0053,paper1_htc_scope,synthetic_blended_reference,synthetic,augmentation,0.35,augmentation_or_scenario_screening,Waste2EnergyDerived,mixed_feature_generation,synthetic_blended_reference,weighted_blend_from_repository_references,htc,swine_manure_plus_food_waste,mixed_manure_wet_waste,swine,0.5,0.5,44.085,6.074999999999999,3.115,34.095,82.5,76.03,12.765,12.235,200.0,60.0,45.3,16.30793,43.937939324049296,58.5275
Waste2Energy::mixed_htc::0054,paper1_htc_scope,synthetic_blended_reference,synthetic,augmentation,0.35,augmentation_or_scenario_screening,Waste2EnergyDerived,mixed_feature_generation,synthetic_blended_reference,weighted_blend_from_repository_references,htc,swine_manure_plus_food_waste,mixed_manure_wet_waste,swine,0.5,0.5,44.085,6.074999999999999,3.115,34.095,82.5,76.03,12.765,12.235,180.0,60.0,45.3,16.30793,43.937939324049296,58.5275
Waste2Energy::mixed_htc::0055,paper1_htc_scope,synthetic_blended_reference,synthetic,augmentation,0.35,augmentation_or_scenario_screening,Waste2EnergyDerived,mixed_feature_generation,synthetic_blended_reference,weighted_blend_from_repository_references,htc,swine_manure_plus_food_waste,mixed_manure_wet_waste,swine,0.5,0.5,44.085,6.074999999999999,3.115,34.095,82.5,76.03,12.765,12.235,180.0,120.0,45.3,16.30793,43.937939324049296,58.5275
Waste2Energy::mixed_htc::0056,paper1_htc_scope,synthetic_blended_reference,synthetic,augmentation,0.35,augmentation_or_scenario_screening,Waste2EnergyDerived,mixed_feature_generation,synthetic_blended_reference,weighted_blend_from_repository_references,htc,swine_manure_plus_food_waste,mixed_manure_wet_waste,swine,0.5,0.5,44.085,6.074999999999999,3.115,34.095,82.5,76.03,12.765,12.235,190.0,15.0,45.3,16.30793,43.937939324049296,58.5275
Waste2Energy::mixed_htc::0057,paper1_htc_scope,synthetic_blended_reference,synthetic,augmentation,0.35,augmentation_or_scenario_screening,Waste2EnergyDerived,mixed_feature_generation,synthetic_blended_reference,weighted_blend_from_repository_references,htc,swine_manure_plus_food_waste,mixed_manure_wet_waste,swine,0.3,0.7,44.831,6.268999999999999,2.941,35.081,85.1,77.262,13.603,10.581,200.0,60.0,44.7,19.604758,50.39876359442958,58.8485
Waste2Energy::mixed_htc::0058,paper1_htc_scope,synthetic_blended_reference,synthetic,augmentation,0.35,augmentation_or_scenario_screening,Waste2EnergyDerived,mixed_feature_generation,synthetic_blended_reference,weighted_blend_from_repository_references,htc,swine_manure_plus_food_waste,mixed_manure_wet_waste,swine,0.3,0.7,44.831,6.268999999999999,2.941,35.081,85.1,77.262,13.603,10.581,180.0,60.0,44.7,19.604758,50.39876359442958,58.8485
Waste2Energy::mixed_htc::0059,paper1_htc_scope,synthetic_blended_reference,synthetic,augmentation,0.35,augmentation_or_scenario_screening,Waste2EnergyDerived,mixed_feature_generation,synthetic_blended_reference,weighted_blend_from_repository_references,htc,swine_manure_plus_food_waste,mixed_manure_wet_waste,swine,0.3,0.7,44.831,6.268999999999999,2.941,35.081,85.1,77.262,13.603,10.581,180.0,120.0,44.7,19.604758,50.39876359442958,58.8485
Waste2Energy::mixed_htc::0060,paper1_htc_scope,synthetic_blended_reference,synthetic,augmentation,0.35,augmentation_or_scenario_screening,Waste2EnergyDerived,mixed_feature_generation,synthetic_blended_reference,weighted_blend_from_repository_references,htc,swine_manure_plus_food_waste,mixed_manure_wet_waste,swine,0.3,0.7,44.831,6.268999999999999,2.941,35.081,85.1,77.262,13.603,10.581,190.0,15.0,44.7,19.604758,50.39876359442958,58.8485
