source_id,dataset_name,source_organization,source_url,landing_page_url,region_id,region_name,country,data_category,target_file,expected_format,retrieval_method,license_notes,notes,downloaded_at_utc,status,sha256,file_size_bytes,error_message
california_eia_electricity_profile_html,California electricity profile summary page,U.S. Energy Information Administration,https://www.eia.gov/electricity/state/california/,https://www.eia.gov/electricity/state/california/,us_ca,California,United States,energy_prices,data\raw\external-region-data\california\energy_prices\eia_california_electricity_profile_2024.html,html,page_snapshot,Federal government statistical data; verify reuse language from source page before manuscript submission.,Official California electricity profile page containing statewide electricity summary statistics including average retail price.,2026-04-03T14:37:15+00:00,downloaded,3781acae62b516813987e97a3d778f908bc615ef1d05c04f5a82d7c46ac12df0,71080,
california_eia_natural_gas_industrial_price_xls,California natural gas industrial price annual history,U.S. Energy Information Administration,https://www.eia.gov/dnav/ng/hist_xls/N3035CA3a.xls,https://www.eia.gov/dnav/ng/hist/n3035ca3A.htm,us_ca,California,United States,energy_prices,data\raw\external-region-data\california\energy_prices\eia_california_natural_gas_industrial_price_history.xls,xls,direct_download,Federal government statistical data; verify reuse language from source page before manuscript submission.,Official EIA annual California industrial natural gas price history in dollars per thousand cubic feet.,2026-04-03T14:37:16+00:00,downloaded,621930cf938f923c6ae63a77eba8a5d6bc8b8f6e54f5ddae144c6c80bfa32ec0,28672,
california_epa_egrid_xlsx,EPA eGRID 2023 summary data workbook,U.S. Environmental Protection Agency,https://www.epa.gov/system/files/documents/2025-06/egrid2023_data_rev2.xlsx,https://www.epa.gov/egrid,us_ca,California,United States,emission_factors,data\raw\external-region-data\california\emission_factors\epa_egrid_2023_data.xlsx,xlsx,direct_download,EPA public environmental data; verify citation language from source page before manuscript submission.,National workbook containing balancing authority and state electricity emissions data that can be filtered for California-relevant grid factors.,2026-04-03T14:37:18+00:00,downloaded,895cd81dd8662406189ad8adf5a2578dcb362cdb5cff7cca81b10ee6bd2447c6,21213301,
california_epa_warm_organic_materials_pdf,EPA WARM organic materials documentation v16,U.S. Environmental Protection Agency,https://www.epa.gov/system/files/documents/2023-12/warm_organic_materials_v16_dec.pdf,https://www.epa.gov/warm/versions-waste-reduction-model,us_ca,California,United States,emission_factors,data\raw\external-region-data\california\emission_factors\epa_warm_organic_materials_v16_dec_2023.pdf,pdf,direct_download,EPA public model documentation; preserve source URL and version date in manuscript supplements.,Official WARM documentation used to structure baseline food-waste disposal and alternative treatment GHG factors for California Paper 1.,2026-04-03T23:59:09+00:00,downloaded,f6e42f99736d7cdfa195061287bda05d9ce98095f97c1838711815597531b7ed,1532236,
california_usda_livestock_release_page,California livestock releases landing page snapshot,USDA National Agricultural Statistics Service,https://www.nass.usda.gov/Statistics_by_State/California/Publications/Livestock_Releases/,https://www.nass.usda.gov/Statistics_by_State/California/Publications/Livestock_Releases/,us_ca,California,United States,livestock_supply,data\raw\external-region-data\california\livestock_supply\usda_nass_california_livestock_releases.html,html,page_snapshot,USDA public statistical page snapshot; structured report files are downloaded separately.,Official California livestock publications hub used to document report links and release provenance.,2026-04-03T14:44:05+00:00,downloaded,c1d0489fb648ec9913050bc7a180c93afa9ad77794d6690809f23b634d02b336,56180,
california_usda_state_ag_overview_html,California USDA state agriculture overview page,USDA National Agricultural Statistics Service,https://www.nass.usda.gov/Quick_Stats/Ag_Overview/stateOverview.php?state=CALIFORNIA,https://www.nass.usda.gov/Quick_Stats/Ag_Overview/stateOverview.php?state=CALIFORNIA,us_ca,California,United States,livestock_supply,data\raw\external-region-data\california\livestock_supply\usda_nass_california_state_ag_overview.html,html,page_snapshot,USDA public statistical page snapshot; preserve URL and access date in manuscript supplements.,Official NASS state overview page containing California livestock inventory and milk production summary tables.,2026-04-03T14:44:07+00:00,downloaded,fd05ff44d38a31f13a819e6f73bf5a04cf7ec8c7fee1fc29265785227bba3a37,43453,
california_usda_cattle_inventory_pdf,Pacific Region cattle inventory report,USDA National Agricultural Statistics Service,https://www.nass.usda.gov/Statistics_by_State/California/Publications/Livestock_Releases/Cattle%20Inventory/2025/202501CATTLE.pdf,https://www.nass.usda.gov/Statistics_by_State/California/Publications/Livestock_Releases/,us_ca,California,United States,livestock_supply,data\raw\external-region-data\california\livestock_supply\usda_nass_pacific_region_cattle_inventory_2025.pdf,pdf,direct_download,USDA public statistical release PDF; preserve release date and report title.,"Official Pacific Region cattle inventory release containing California cattle, beef cow, milk cow, and on-feed inventories.",2026-04-03T14:44:12+00:00,downloaded,db847a95d3dc7246bff0ac460c73bb9917d0d99e957517511a33c266eee79d88,159668,
california_usda_hogs_pdf,Pacific Region hogs and pigs report,USDA National Agricultural Statistics Service,https://www.nass.usda.gov/Statistics_by_State/California/Publications/Livestock_Releases/Hogs/202412HOGS.pdf,https://www.nass.usda.gov/Statistics_by_State/California/Publications/Livestock_Releases/,us_ca,California,United States,livestock_supply,data\raw\external-region-data\california\livestock_supply\usda_nass_pacific_region_hogs_2024.pdf,pdf,direct_download,USDA public statistical release PDF; preserve release date and report title.,Official Pacific Region hogs and pigs release containing California total inventory values.,2026-04-03T14:44:13+00:00,downloaded,bb826e3d3178eb5f9a730286ccb0b2d16403377d3b4fe7c10111ba33600182a0,152481,
california_usda_sheep_goats_pdf,Pacific Region sheep and goats report,USDA National Agricultural Statistics Service,https://www.nass.usda.gov/Statistics_by_State/California/Publications/Livestock_Releases/Sheep_Goats/2025/202501SHEPGTS.pdf,https://www.nass.usda.gov/Statistics_by_State/California/Publications/Livestock_Releases/,us_ca,California,United States,livestock_supply,data\raw\external-region-data\california\livestock_supply\usda_nass_pacific_region_sheep_goats_2025.pdf,pdf,direct_download,USDA public statistical release PDF; preserve release date and report title.,Official Pacific Region sheep and goats release containing California sheep and goat inventories.,2026-04-03T14:44:15+00:00,downloaded,a54888eac13b3b434ca62e0a9d6641d0bac5a9abf7074834b8700a810d4e5209,181469,
california_calrecycle_2021_disposal_characterization_report_pdf,CalRecycle 2021 disposal-facility-based characterization report,California Department of Resources Recycling and Recovery,https://www2.calrecycle.ca.gov/Docs/Web/137472,https://www2.calrecycle.ca.gov/Publications/Details/1738,us_ca,California,United States,wet_waste_supply,data\raw\external-region-data\california\wet_waste_supply\calrecycle_2021_disposal_facility_based_characterization_report.pdf,pdf,direct_download,California state report PDF; cite publication page and download date in manuscript supplements.,Official characterization report that documents California disposal composition and supports statewide organics and food-waste framing.,2026-04-03T14:44:17+00:00,downloaded,9e46029c186e973279d6f064c73d14cb6c8a7d75eef41735ad531bb21dbcf34d,3644490,
california_calrecycle_residential_rates_xlsx,CalRecycle residential rates export,California Department of Resources Recycling and Recovery,https://www2.calrecycle.ca.gov/WasteCharacterization/_ExportToExcelResidentialRates?studyID=103,https://www2.calrecycle.ca.gov/WasteCharacterization/ResidentialRates,us_ca,California,United States,wet_waste_supply,data\raw\external-region-data\california\wet_waste_supply\calrecycle_residential_rates_study103.xlsx,xlsx,direct_download,California state waste characterization export; preserve source URL and study identifier.,Statewide residential material composition percentages used to identify food and wet-organic shares.,2026-04-03T14:44:43+00:00,downloaded,21215c72a5375a5d0052d68cde164a788ad9f33a0db3e11fe3ff9f4eba0466a0,13684,
california_calrecycle_business_group_rates_xlsx,CalRecycle business group rates export,California Department of Resources Recycling and Recovery,https://www2.calrecycle.ca.gov/WasteCharacterization/_ExportToExcelBusinessGroupRates?studyID=104,https://www2.calrecycle.ca.gov/WasteCharacterization/BusinessGroupRates,us_ca,California,United States,wet_waste_supply,data\raw\external-region-data\california\wet_waste_supply\calrecycle_business_group_rates_study104.xlsx,xlsx,direct_download,California state waste characterization export; preserve source URL and study identifier.,Commercial-sector generation and curbside-organics factors by business group.,2026-04-03T14:44:47+00:00,downloaded,993f738b3297a86940ac2d2d9d0e700f3c95ed1026ffe656a8dfe999a032cc8d,9418,
california_calrecycle_material_types_xlsx,CalRecycle material type dictionary export,California Department of Resources Recycling and Recovery,https://www2.calrecycle.ca.gov/WasteCharacterization/MaterialType/_ExportToExcelMaterialTypes,https://www2.calrecycle.ca.gov/WasteCharacterization/MaterialType,us_ca,California,United States,wet_waste_supply,data\raw\external-region-data\california\wet_waste_supply\calrecycle_material_types_dictionary.xlsx,xlsx,direct_download,California state waste characterization export; preserve source URL and download date.,Material type dictionary used to map Food and Other Organic categories for Paper 1.,2026-04-03T14:44:49+00:00,downloaded,231a9fc4776cdd2d1cfafce9b872f5287edc8c1eb6d7b379c73650a761e77762,14557,
california_census_county_population_json,California county population from ACS 5-year API,U.S. Census Bureau,"https://api.census.gov/data/2023/acs/acs5?get=NAME,B01003_001E&for=county:*&in=state:06",https://api.census.gov/data/2023/acs/acs5,us_ca,California,United States,region_context,data\raw\external-region-data\california\region_context\us_census_acs5_2023_california_county_population.json,json,direct_download,U.S. Census Bureau API output; retain exact query URL in manifest.,County population reference used to cross-check California countywide wet-waste estimates.,2026-04-03T14:44:52+00:00,downloaded,c4583312e745c44691d75ee5de2ed4d213b33afd102949b663ae6139c46ff288,3069,
california_calrecycle_capacity_planning_portal,CalRecycle SB 1383 capacity planning portal,California Department of Resources Recycling and Recovery,https://www2.calrecycle.ca.gov/LGCentral/datatools/reports/capacityplanning,https://www2.calrecycle.ca.gov/LGCentral/datatools/reports/capacityplanning,us_ca,California,United States,wet_waste_supply,data\raw\external-region-data\california\wet_waste_supply\calrecycle_capacity_planning_manual_export.xlsx,xlsx,manual_export_registered,State government portal data; export path should be documented when manual export is performed.,This page is currently treated as manual-export-required because the portal is JavaScript-driven and the site robots policy disallows autonomous fetching of the LGCentral path. Original export path: D:\EnergyStorage\JOCP\CapacityPlanningData.xlsx.,2026-04-03T23:35:43+00:00,manual_export_registered,9b5f67e7933c974c3f74528eb1131bff4bb5a2e2eb57afc864bdaf973f942cd8,10103,
california_swis_site_export_xlsx,CalRecycle SWIS site export,California Department of Resources Recycling and Recovery,https://www2.calrecycle.ca.gov/SolidWaste/Site/SitesExports?format=1,https://www2.calrecycle.ca.gov/SolidWaste/Site/DataExport,us_ca,California,United States,wet_waste_supply,data\raw\external-region-data\california\wet_waste_supply\calrecycle_swis_sites_export.xlsx,xlsx,direct_download,CalRecycle public SWIS export; preserve export URL and download timestamp in manuscript supplements.,Official statewide SWIS site export used as the facility-level base table for California organics infrastructure.,2026-04-04T00:23:31+00:00,downloaded,4cb5d59c3724e99f9d0e5a98b1efbbbb0696aed5775f508ac5a68f0e0263a02a,758504,
california_swis_site_activity_export_xlsx,CalRecycle SWIS site activity export,California Department of Resources Recycling and Recovery,https://www2.calrecycle.ca.gov/SolidWaste/Site/SiteActivityExports?format=1,https://www2.calrecycle.ca.gov/SolidWaste/Site/DataExport,us_ca,California,United States,wet_waste_supply,data\raw\external-region-data\california\wet_waste_supply\calrecycle_swis_site_activities_export.xlsx,xlsx,direct_download,CalRecycle public SWIS export; preserve export URL and download timestamp in manuscript supplements.,Official statewide SWIS activity export containing facility activity type and throughput/capacity fields used to structure California organics infrastructure.,2026-04-04T00:23:34+00:00,downloaded,1229d714ae23ec9551003170569ac98003ecddc3d6a91ca41b1c9318ad8c5be2,632443,
california_swis_site_waste_export_xlsx,CalRecycle SWIS site waste export,California Department of Resources Recycling and Recovery,https://www2.calrecycle.ca.gov/SolidWaste/Site/SiteWasteExports?format=1,https://www2.calrecycle.ca.gov/SolidWaste/Site/DataExport,us_ca,California,United States,wet_waste_supply,data\raw\external-region-data\california\wet_waste_supply\calrecycle_swis_site_wastes_export.xlsx,xlsx,direct_download,CalRecycle public SWIS export; preserve export URL and download timestamp in manuscript supplements.,Official statewide SWIS waste-type export used to flag food-waste and other organics acceptance at California facilities.,2026-04-04T00:23:37+00:00,downloaded,f441db58e1624d9272417b75de11629487f5c4f22448453993b26b3e1a646406,469722,
california_sb1383_bill_text_html,California SB 1383 bill text,California Legislature,https://leginfo.legislature.ca.gov/faces/billTextClient.xhtml?bill_id=201520160SB1383,https://leginfo.legislature.ca.gov/faces/billTextClient.xhtml?bill_id=201520160SB1383,us_ca,California,United States,policy_reference,data\raw\external-region-data\california\policy_reference\leginfo_sb1383_bill_text.html,html,page_snapshot,California Legislature public bill text page; retain URL and access date in policy supplement.,Official SB 1383 statutory text used to anchor statewide organics-reduction and edible-food-recovery targets.,2026-04-03T23:52:42+00:00,downloaded,b6616a50850aa9dbe88786ec203d12d010144342f0b6eeff34f15018624f2d7c,104347,
california_sb1383_food_recovery_faq_html,CalRecycle SB 1383 food recovery FAQ,California Department of Resources Recycling and Recovery,https://calrecycle.ca.gov/organics/slcp/faq/foodrecovery/,https://calrecycle.ca.gov/organics/slcp/faq/foodrecovery/,us_ca,California,United States,policy_reference,data\raw\external-region-data\california\policy_reference\calrecycle_sb1383_food_recovery_faq.html,html,page_snapshot,CalRecycle public guidance page; preserve URL and access date in policy supplement.,Official CalRecycle interpretation page clarifying that the edible-food-recovery goal is statewide and not an individual jurisdiction target.,2026-04-03T23:52:43+00:00,downloaded,4e25292294f6e1ddf7d499ded478c77bd05ad577af933ca23a88c59b80c52d9c,224952,
california_sb1383_procurement_html,CalRecycle SB 1383 recovered organic waste products procurement page,California Department of Resources Recycling and Recovery,https://calrecycle.ca.gov/organics/slcp/procurement/recoveredorganicwasteproducts/,https://calrecycle.ca.gov/organics/slcp/procurement/recoveredorganicwasteproducts/,us_ca,California,United States,policy_reference,data\raw\external-region-data\california\policy_reference\calrecycle_sb1383_procurement_recovered_organic_waste_products.html,html,page_snapshot,CalRecycle public guidance page; preserve URL and access date in policy supplement.,Official procurement guidance page describing the 0.08 tons organic waste per resident per year procurement target formula.,2026-04-03T23:52:43+00:00,downloaded,81eec392de470690809d74ed9d4b5c0360213b97af73d6bd4be7d9dd5d62a03c,191408,
california_sb1383_enforcement_html,CalRecycle SB 1383 enforcement page,California Department of Resources Recycling and Recovery,https://calrecycle.ca.gov/organics/slcp/enforcement/,https://calrecycle.ca.gov/organics/slcp/enforcement/,us_ca,California,United States,policy_reference,data\raw\external-region-data\california\policy_reference\calrecycle_sb1383_enforcement.html,html,page_snapshot,CalRecycle public guidance page; preserve URL and access date in policy supplement.,Official enforcement overview page confirming the 2022 implementation of SB 1383 requirements and jurisdiction enforcement obligations.,2026-04-03T23:52:45+00:00,downloaded,a11414a89279c3843a3b1803c3bcc2cc1fd0d4e8a3066bb1ff288994a23bd6fe,189323,
